term,short_definition,definition,source_file,slide_no
pandemic,流行病；流行的,"(n) a disease that exists in almost all of an area, 流行病 (a) (of a disease) existing in almost all of an area, 流行的 Ex: In some parts of the world malaria(瘧疾) is still pandemic.",OneDrive_1_2026-4-28\科技英文_ch1_單字解釋.pptx,2
coronavirus,冠狀病毒,"(n) a type of virus that causes diseases in humans and animals. In humans, it usually causes respiratory infections (= in the nose, throat, or chest) that are not serious, 冠狀病毒. Ex: SARS was a new strain of coronavirus.",OneDrive_1_2026-4-28\科技英文_ch1_單字解釋.pptx,3
corona,身體組織冠，冠狀部,"(n) the top rounded part of a body part such as a tooth or the skull, （身體組織）冠，冠狀部,",OneDrive_1_2026-4-28\科技英文_ch1_單字解釋.pptx,4
viral,病毒的,"(a) caused by a virus, 病毒的 Ex: Within days the film clip went viral.",OneDrive_1_2026-4-28\科技英文_ch1_單字解釋.pptx,5
pneumonia,肺炎,"(n) a serious illness in which one or both lungs become inflamed and fill with fluid, 肺炎. Ex: The doctor checked whether the patient had pneumonia.",OneDrive_1_2026-4-28\科技英文_ch1_單字解釋.pptx,6
symptom,疾病的癥狀,"(n) any feeling of illness or physical or mental change that is caused by a particular disease, （疾病的）癥狀 Ex: He's complaining of all the usual flu symptoms - a high temperature, headache, and so on.",OneDrive_1_2026-4-28\科技英文_ch1_單字解釋.pptx,7
fever,發燒,"(n) a condition in which body temperature is higher than normal, 發燒. Ex: A high fever is a common symptom of infection.",OneDrive_1_2026-4-28\科技英文_ch1_單字解釋.pptx,9
cough,咳，咳嗽,"(n) to force air out of your lungs through your throat with a short, loud sound, 咳，咳嗽 Ex: The smoke made me cough.",OneDrive_1_2026-4-28\科技英文_ch1_單字解釋.pptx,10
fatigue,疲勞,"(n) extreme tiredness, especially caused by illness or hard work, 疲勞. Ex: Many patients reported fatigue after infection.",OneDrive_1_2026-4-28\科技英文_ch1_單字解釋.pptx,11
smell,嗅覺；氣味,"(n) the ability to notice odors with the nose; a particular odor, 嗅覺；氣味. Ex: Some people temporarily lose their sense of smell.",OneDrive_1_2026-4-28\科技英文_ch1_單字解釋.pptx,12
nasal,鼻的,"(a) related to the nose, 鼻的 Ex: nasal passages, 鼻道 Ex: nasal congestion, 鼻塞",OneDrive_1_2026-4-28\科技英文_ch1_單字解釋.pptx,13
congestion,擁擠，阻塞,"(n) a situation in which a place is too blocked or crowded, causing difficulties, 擁擠，阻塞 Ex: These facilities are designed to ease the congestion of emergency rooms.",OneDrive_1_2026-4-28\科技英文_ch1_單字解釋.pptx,14
conjunctivitis,結膜炎,"(n) a painful infection of the eyes that makes them red and makes the eyelids swollen and sticky, 結膜炎",OneDrive_1_2026-4-28\科技英文_ch1_單字解釋.pptx,15
sore,痛的，疼痛的,"(a) painful and uncomfortable because of injury, infection, or too much use, 痛的，疼痛的 Ex: All the dust has made my eyes sore. Ex: sore throat, 喉嚨痛",OneDrive_1_2026-4-28\科技英文_ch1_單字解釋.pptx,16
headache,頭痛,"(n) a pain in the head, 頭痛. Ex: She had a headache and a sore throat.",OneDrive_1_2026-4-28\科技英文_ch1_單字解釋.pptx,17
muscle,肌肉,"(n) one of the tissues in the body that makes movement possible, 肌肉. Ex: COVID-19 may cause muscle pain.",OneDrive_1_2026-4-28\科技英文_ch1_單字解釋.pptx,18
joint,關節,"(n) a place in your body where two bones are connected, 關節 Ex: an elbow/hip/knee joint, 肘/ 髖/ 膝關節",OneDrive_1_2026-4-28\科技英文_ch1_單字解釋.pptx,19
diarrhea,腹瀉,"(n) an illness in which the body's solid waste is more liquid than usual and comes out of the body more often, 腹瀉 Ex: an attack of diarrhoea, 腹瀉發作",OneDrive_1_2026-4-28\科技英文_ch1_單字解釋.pptx,20
rash,皮疹，疹子,"(n) a lot of small red spots on the skin, 皮疹，疹子 Ex: I've got an itchy(癢的) rash all over my chest.",OneDrive_1_2026-4-28\科技英文_ch1_單字解釋.pptx,21
chill,寒冷;寒意，涼意,"(n) a feeling of cold, 寒冷;寒意，涼意 Ex: There was a chill in the air this morning.",OneDrive_1_2026-4-28\科技英文_ch1_單字解釋.pptx,22
dizziness,眩暈,"(n) a temporary feeling that your sense of balance is not good and that you may fall down, 眩暈 Ex: The sight of blood may cause dizziness in some people.",OneDrive_1_2026-4-28\科技英文_ch1_單字解釋.pptx,23
nausea,噁心，嘔吐感,"(n) the feeling that you are going to vomit, 噁心，嘔吐感 Ex: Signs of the illness include fever, nausea, and vomiting.",OneDrive_1_2026-4-28\科技英文_ch1_單字解釋.pptx,24
vomiting,嘔吐,"(n) the act of bringing food or liquid up from the stomach through the mouth, 嘔吐. Ex: Severe nausea may lead to vomiting.",OneDrive_1_2026-4-28\科技英文_ch1_單字解釋.pptx,25
severe,非常嚴重的；劇烈的；慘重的,"(a) causing very great pain, difficulty, worry, damage, etc.; very serious, 非常嚴重的；劇烈的；慘重的 Ex: In parts of Africa there is a severe food/water shortage.",OneDrive_1_2026-4-28\科技英文_ch1_單字解釋.pptx,26
shortness of breath,呼吸急促；呼吸困難,"(n) difficulty breathing normally, 呼吸急促；呼吸困難. Ex: Shortness of breath can be a sign of severe disease.",OneDrive_1_2026-4-28\科技英文_ch1_單字解釋.pptx,27
appetite,食慾，胃口,"(n) the feeling that you want to eat food, 食慾，胃口 Ex: All that walking has given me an appetite.",OneDrive_1_2026-4-28\科技英文_ch1_單字解釋.pptx,28
confusion,困惑，糊塗;迷惑不解;混淆,"(n) a situation in which people do not understand what is happening, what they should do or who someone or something is, 困惑，糊塗;迷惑不解;混淆 Ex: There seems to be some confusion over who is actually giving the talk.",OneDrive_1_2026-4-28\科技英文_ch1_單字解釋.pptx,29
chest,胸膛，胸部;胸腔,"(n) the upper front part of the body of humans and some animals, between the stomach and the neck, containing the heart and lungs, 胸膛，胸部;胸腔 Ex: He was shot in the chest at point blank range.",OneDrive_1_2026-4-28\科技英文_ch1_單字解釋.pptx,30
irritability,易怒性情，暴脾氣,"(n) the quality of becoming annoyed very easily, 易怒性情，暴脾氣 Ex: The drug can cause irritability.",OneDrive_1_2026-4-28\科技英文_ch1_單字解釋.pptx,31
consciousness,意識;感覺;覺悟,"(n) the state of understanding and realizing something, 意識;感覺;覺悟 Ex: Her consciousness that she's different makes her feel uneasy.",OneDrive_1_2026-4-28\科技英文_ch1_單字解釋.pptx,32
anxiety,焦慮,"(n) a feeling of worry, nervousness, or fear, 焦慮. Ex: Long illness can cause anxiety in some patients.",OneDrive_1_2026-4-28\科技英文_ch1_單字解釋.pptx,33
depression,憂鬱，抑鬱;消沉，沮喪,"(n) the state of feeling very unhappy and without hope for the future, 憂鬱，抑鬱;消沉，沮喪 Ex: I was overwhelmed by feelings of depression.",OneDrive_1_2026-4-28\科技英文_ch1_單字解釋.pptx,34
disorder,混亂，淩亂，雜亂無章,"(n) a state of untidiness or lack of organization, 混亂，淩亂，雜亂無章 Ex: The whole office was in a state of disorder.",OneDrive_1_2026-4-28\科技英文_ch1_單字解釋.pptx,35
neurological,神經的;神經系統的,"(a) relating to nerves, 神經的;神經系統的 Ex: Alzheimer's disease is a neurological disorder.",OneDrive_1_2026-4-28\科技英文_ch1_單字解釋.pptx,36
complication,併發症 使情況複雜化的事物；複雜化,"(n) an extra medical problem that makes it more difficult to treat an existing illness, 併發症 (n) 使情況複雜化的事物；複雜化 Ex: If there are no complications, the doctor says that she'll be able to come home within two weeks.",OneDrive_1_2026-4-28\科技英文_ch1_單字解釋.pptx,37
stroke,中風,"(n) a sudden change in the blood supply to a part of the brain, sometimes causing a loss of the ability to move particular parts of the body, 中風 Ex: She suffered/had a stroke that left her unable to speak.",OneDrive_1_2026-4-28\科技英文_ch1_單字解釋.pptx,38
inflammation,炎症,"(n) a red, painful, and often swollen area in or on a part of your body,炎（症） Ex: Aspirin reduces pain and inflammation.",OneDrive_1_2026-4-28\科技英文_ch1_單字解釋.pptx,39
delirium,因發燒或精神錯亂而神志不清;語無倫次,"(n) a state of being unable to think or speak clearly because of fever or mental confusion, （因發燒或精神錯亂而）神志不清;語無倫次 Ex: fever accompanied by delirium",OneDrive_1_2026-4-28\科技英文_ch1_單字解釋.pptx,40
recover,康復；恢復,"(v) to become well again after an illness, 康復；恢復. Ex: Most people recover without hospital treatment.",OneDrive_1_2026-4-28\科技英文_ch1_單字解釋.pptx,41
treatment,對待;待遇;處理,"(n) the way you deal with or behave towards someone or something, 對待;待遇;處理 Ex: Peter gets special treatment because he knows the boss.",OneDrive_1_2026-4-28\科技英文_ch1_單字解釋.pptx,42
oxygen,氧氣,"(n) a gas in the air that people and animals need to breathe, 氧氣. Ex: Some seriously ill patients require oxygen.",OneDrive_1_2026-4-28\科技英文_ch1_單字解釋.pptx,43
respiratory,呼吸的,"(a) relating to breathing, 呼吸的",OneDrive_1_2026-4-28\科技英文_ch1_單字解釋.pptx,44
respiratory failure,呼吸衰竭,"(n) a dangerous condition in which the lungs cannot provide enough oxygen to the body, 呼吸衰竭. Ex: Respiratory failure needs immediate medical care.",OneDrive_1_2026-4-28\科技英文_ch1_單字解釋.pptx,45
acute,十分嚴重的,"(a) If a bad situation is acute, it causes severe problems or damage, 十分嚴重的 Ex: She felt acute embarrassment at his behaviour.",OneDrive_1_2026-4-28\科技英文_ch1_單字解釋.pptx,46
syndrome,併發症，症候群，綜合症狀,"(n) a combination of medical problems that shows the existence of a particular disease or mental condition, 併發症，症候群，綜合症狀 Ex: Early diagnosis of the syndrome is difficult, but it is important to begin treatment as soon as possible.",OneDrive_1_2026-4-28\科技英文_ch1_單字解釋.pptx,47
sepsis,敗血症，膿毒症，膿毒病,"(n) a severe medical condition in which bacteria enter the blood after an operation or accident, 敗血症，膿毒症，膿毒病",OneDrive_1_2026-4-28\科技英文_ch1_單字解釋.pptx,48
septic shock,敗血症性休克，感染性休克，膿毒性休克,(n) 敗血症性休克，感染性休克，膿毒性休克 Ex: She was already in septic shock and died five days later.,OneDrive_1_2026-4-28\科技英文_ch1_單字解釋.pptx,49
thromboembolism,血栓栓塞,"(n) the blocking of a blood vessel by a blood clot that travels through the bloodstream, 血栓栓塞. Ex: Doctors watch for thromboembolism in severe cases.",OneDrive_1_2026-4-28\科技英文_ch1_單字解釋.pptx,50
kidney,腎，腎臟,"(n) either of a pair of small organs in the body that take away waste matter from the blood to produce urine, 腎，腎臟 Ex: kidney failure",OneDrive_1_2026-4-28\科技英文_ch1_單字解釋.pptx,51
age,年齡,"(n) 年齡 (v) If someone ages or something ages them, they look older, 衰老，使…顯得蒼老 Ex: She's aged since the last time we met.",OneDrive_1_2026-4-28\科技英文_ch1_單字解釋.pptx,52
underlying,暗含的;深層的;潛在的,"(a) real but not immediately obvious, 暗含的;深層的;潛在的 Ex: And what might be the underlying significance of these supposedly random acts?",OneDrive_1_2026-4-28\科技英文_ch1_單字解釋.pptx,53
lung,肺，肺部,"(n) either of the two organs in the chest with which people and some animals breathe, 肺，肺部 Ex: lung cancer",OneDrive_1_2026-4-28\科技英文_ch1_單字解釋.pptx,54
diabetes,糖尿病,"(n) a disease in which the body cannot control the level of sugar in the blood, 糖尿病 Ex: Diabetes is diagnosed with a blood test.",OneDrive_1_2026-4-28\科技英文_ch1_單字解釋.pptx,55
obesity,肥胖,"(n) the fact of being extremely fat, in a way that is dangerous for health, 肥胖 Ex: The National Institute of Health is discussing ways of tackling the problem of childhood obesity.",OneDrive_1_2026-4-28\科技英文_ch1_單字解釋.pptx,56
infect,疾病傳染，感染,"(v) to pass a disease to a person, animal, or plant, （疾病）傳染，感染 Ex: The ward was full of children infected with TB (肺結核).",OneDrive_1_2026-4-28\科技英文_ch1_單字解釋.pptx,57
hospitalization,送…住院治療,"(n) the act of taking someone to hospital and keeping them there for treatment, 送…住院治療 Because of the severity of the accident, the patient required hospitalization.",OneDrive_1_2026-4-28\科技英文_ch1_單字解釋.pptx,58
mutation,基因的突變，變異,"(n) the way in which genes change and produce permanent differences, （基因的）突變，變異 It is well known that radiation can cause mutation.",OneDrive_1_2026-4-28\科技英文_ch1_單字解釋.pptx,59
variant,變體；變種；變形,"(n) something that is slightly different from other similar things 變體；變種；變形 There are many colas on the market now, all variants on the original drink.",OneDrive_1_2026-4-28\科技英文_ch1_單字解釋.pptx,60
emerge,出現，浮現;露出,"(v) to appear by coming out of something or out from behind something, 出現，浮現;露出 She emerged from the sea, blue with cold.",OneDrive_1_2026-4-28\科技英文_ch1_單字解釋.pptx,61
designate,指定，選定;委派,"(v) to choose someone officially to do a particular job 指定，選定;委派 Traditionally, the president designates his or her successor.",OneDrive_1_2026-4-28\科技英文_ch1_單字解釋.pptx,62
announce,尤指公開地宣佈，宣告，通告,(v) to make something known or tell people about something officially（尤指公開地）宣佈，宣告，通告 They announced the death of their mother in the local paper.,OneDrive_1_2026-4-28\科技英文_ch1_單字解釋.pptx,63
transmissible,疾病等可傳播的,"(a) of diseases, etc., able to be passed from one person or animal to another, （疾病等）可傳播的 To start a pandemic, the virus will have to be highly transmissible between humans.",OneDrive_1_2026-4-28\科技英文_ch1_單字解釋.pptx,64
claim,聲稱;宣稱;斷言;主張,"(v) to say that something is true or is a fact, although you cannot prove it and other people might not believe it, 聲稱;宣稱;斷言;主張 The company claims (that) it is not responsible for the pollution in the river.",OneDrive_1_2026-4-28\科技英文_ch1_單字解釋.pptx,65
proportion,部分;份額,"(n) the number or amount of a group or part of something when compared to the whole, 部分;份額 Children make up a large proportion of the world's population.",OneDrive_1_2026-4-28\科技英文_ch1_單字解釋.pptx,66
precaution,預防，預防措施,(n) an action that is done to prevent something unpleasant or dangerous happening 預防，預防措施 Many people have been stockpiling food as a precaution against shortages.,OneDrive_1_2026-4-28\科技英文_ch1_單字解釋.pptx,68
distance,保持距離,"(v) to make or maintain a personal or emotional separation from, to place or keep at a distance, 保持距離 They are able to distance themselves from the tragedy",OneDrive_1_2026-4-28\科技英文_ch1_單字解釋.pptx,69
mask,面具，面罩,"(n) a covering for all or part of the face that protects, hides, or decorates the person wearing it 面具，面罩 The bank robbers wore masks throughout the raid",OneDrive_1_2026-4-28\科技英文_ch1_單字解釋.pptx,70
ventilate,使通風;使空氣流通,(v) to cause fresh air to enter and move around a closed space 使通風;使空氣流通 Ventilate the room well while applying the paint.,OneDrive_1_2026-4-28\科技英文_ch1_單字解釋.pptx,71
bent,彎曲的;不直的;不平的,(a) curved and not straight or flat 彎曲的;不直的;不平的 The metal bars were bent and twisted.,OneDrive_1_2026-4-28\科技英文_ch1_單字解釋.pptx,72
elbow,肘;衣服的肘部,"(n) the part in the middle of the arm where it bends, or the part of a piece of clothing that covers this area 肘;（衣服的）肘部 Her arm was bandaged from the elbow to the fingers.",OneDrive_1_2026-4-28\科技英文_ch1_單字解釋.pptx,73
tissue,面紙；動物或植物的細胞組織,"(n) 面紙 (n) a group of connected cells in an animal or plant that are similar to each other, have the same purpose, and form the stated part of the animal or plant, （動物或植物的細胞）組織 His face is covered with scar tissue where he was badly burned.",OneDrive_1_2026-4-28\科技英文_ch1_單字解釋.pptx,74
molecular,分子的,"(a) relating to molecules (= the simplest units of a chemical substance), 分子的 Scientists can study the three-dimensional molecular structure of the proteins.",OneDrive_1_2026-4-28\科技英文_ch1_單字解釋.pptx,75
detect,偵測；檢測出,"(v) to discover or notice something, especially something hard to see or measure, 偵測；檢測出. Ex: The test can detect the virus in a sample.",OneDrive_1_2026-4-28\科技英文_ch1_單字解釋.pptx,76
confirm infection,確認感染,"(phr.) to prove that a person has a disease-causing virus or bacteria in the body, 確認感染. Ex: PCR tests help confirm infection.",OneDrive_1_2026-4-28\科技英文_ch1_單字解釋.pptx,77
PCR,聚合酶連鎖反應,"(n) short for polymerase chain reaction, a lab method used to make tiny amounts of genetic material easier to detect, 聚合酶連鎖反應. Ex: PCR is widely used to test for SARS-CoV-2.",OneDrive_1_2026-4-28\科技英文_ch1_單字解釋.pptx,78
sample,樣本,"(n) 樣本 (v) to take a sample of or from, especially: to judge the quality of by a sample Ex: sampled his output for defects Ex: sample a wine",OneDrive_1_2026-4-28\科技英文_ch1_單字解釋.pptx,79
swab,棉花棒,"(n) a small piece of soft material used for cleaning a cut, 棉花棒 The nurse cleaned the cut on my leg with a swab.",OneDrive_1_2026-4-28\科技英文_ch1_單字解釋.pptx,80
amplifying,擴大；增強,(v) to increase the size or effect of something 擴大；增強 A funeral can amplify the feelings of regret and loss for the relatives.,OneDrive_1_2026-4-28\科技英文_ch1_單字解釋.pptx,81
exposure,暴露；接觸,"(n) the state of being in contact with something harmful, such as a virus, 暴露；接觸. Ex: Symptoms may begin a few days after exposure.",OneDrive_1_2026-4-28\科技英文_ch1_單字解釋.pptx,82
antigen,抗原,"(n) a substance that causes the body's immune system to react, especially by producing antibodies, 抗原 The biggest problem in the development of a vaccine is the identification of protective antigens.",OneDrive_1_2026-4-28\科技英文_ch1_單字解釋.pptx,83
protein,蛋白質,"(n) one of the many substances found in food such as meat, cheese, fish, or eggs, that is necessary for the body to grow and be strong, 蛋白質 Meat and fish are a vital source of protein.",OneDrive_1_2026-4-28\科技英文_ch1_單字解釋.pptx,84
reliable,可靠的,"(a) able to be trusted to work well or give correct results, 可靠的. Ex: Rapid tests are faster, but PCR is usually more reliable.",OneDrive_1_2026-4-28\科技英文_ch1_單字解釋.pptx,85
circulate,循環;流通;傳遞;散佈,"(v) to go around or through something, or to make something go around or through something, 循環;流通;傳遞;散佈 Hot water circulates through the heating system",OneDrive_1_2026-4-28\科技英文_ch1_單字解釋.pptx,86
sampling,the activity of providing or trying a small amount of a product so someone can decide whether to buy it,"(n) the activity of providing or trying a small amount of a product so someone can decide whether to buy it Ex: When it works, sampling can be the most effective form of advertising.",OneDrive_1_2026-4-28\科技英文_ch1_單字解釋.pptx,87
isolation,隔離；分離；孤獨,"(n) the condition of being alone, especially when this makes you feel unhappy, 隔離；分離；孤獨 The prisoner had been kept in isolation for three days.",OneDrive_1_2026-4-28\科技英文_ch1_單字解釋.pptx,88
quarantine,隔離檢疫期,"(n) a specific period of time in which a person or animal that has a disease, or may have one, must stay or be kept away from others in order to prevent the spread of the disease, 隔離檢疫期 The doctor said I could go home as long as I agreed to stay in quarantine for at least seven days.",OneDrive_1_2026-4-28\科技英文_ch1_單字解釋.pptx,89
prevent,阻止，妨礙；預防,"(v) to stop something from happening or someone from doing something, 阻止，妨礙；預防 Label your suitcases to prevent confusion.",OneDrive_1_2026-4-28\科技英文_ch1_單字解釋.pptx,90
contact,透過電話或寫電子郵件等聯繫，聯絡,"(v) to communicate with someone by calling or sending them a letter, email, etc. （透過電話或寫電子郵件等）聯繫，聯絡 I tried to contact him at his office, but he wasn't in.",OneDrive_1_2026-4-28\科技英文_ch1_單字解釋.pptx,91
protection,保護；防護,"(n) the act of keeping someone or something safe from harm, 保護；防護. Ex: Vaccines provide strong protection against severe illness.",OneDrive_1_2026-4-28\科技英文_ch1_單字解釋.pptx,92
immune,免疫的；水痘,"(a) protected against a particular disease by particular substances in the blood, 免疫的 Most people who've had chickenpox (水痘) once are immune to it for the rest of their lives.",OneDrive_1_2026-4-28\科技英文_ch1_單字解釋.pptx,93
recognize,認出，認識;識別,"(v) to know someone or something because you have seen or heard him or her or experienced it before 認出，認識;識別 I hadn't seen her for 20 years, but I recognized her immediately.",OneDrive_1_2026-4-28\科技英文_ch1_單字解釋.pptx,94
bacteria,細菌,"(n) very small living things, some of which can cause disease, 細菌. Ex: Vaccines train the immune system to fight viruses and bacteria.",OneDrive_1_2026-4-28\科技英文_ch1_單字解釋.pptx,95
vaccination,接種疫苗,(n) the process or an act of giving someone a vaccine (= a substance put into a person's body to prevent them getting a disease) 接種疫苗 All the children were given two vaccinations against measles (麻疹).,OneDrive_1_2026-4-28\科技英文_ch1_單字解釋.pptx,96
preventive,防止的，預防的,"(a) intended to stop something before it happens 防止的，預防的 In the past ten years, preventive measures have radically reduced levels of tooth decay in children.",OneDrive_1_2026-4-28\科技英文_ch1_單字解釋.pptx,97
sneeze,打噴嚏,"(v) When you sneeze, air and often small drops of liquid suddenly come out of your nose and mouth in a way you cannot control. 打噴嚏 Cats make him sneeze - I think he's allergic to them.",OneDrive_1_2026-4-28\科技英文_ch1_單字解釋.pptx,99
efficacy,功效，效力，效能,"(n) the ability, especially of a medicine or a method of achieving something, to produce the intended result 功效，效力，效能 They recently ran a series of tests to measure the efficacy of the drug.",OneDrive_1_2026-4-28\科技英文_ch1_單字解釋.pptx,100
vaccinate,給…接種疫苗,"(v) to give someone a vaccine, usually by injection, to prevent them from getting a disease 給…接種疫苗 The children were vaccinated against the major childhood diseases.",OneDrive_1_2026-4-28\科技英文_ch1_單字解釋.pptx,102
chill guy,"Someone that does not give a crap about a problem or argument and just stays chill. A calm, easygoing person who stays composed under stress","(n) Someone that does not give a crap about a problem or argument and just stays chill. (n) A calm, easygoing person who stays composed under stress",OneDrive_1_2026-4-28\科技英文_ch1_單字解釋.pptx,103
shortage,缺乏，缺少,"(n) a situation in which there is not enough of something, 缺乏，缺少 Ex: There's a shortage of food and shelter in the refugee camps.",OneDrive_1_2026-4-28\科技英文_ch1_單字解釋.pptx,104
curse,咒語，詛咒，魔咒；禍根，禍因；禍害,"(n) magic words that are intended to bring bad luck to someone 咒語，詛咒，魔咒 (n) a cause of trouble and unhappiness, 禍根，禍因；禍害 Noise is the curse of modern city life.",OneDrive_1_2026-4-28\科技英文_ch1_單字解釋.pptx,105
Grid,網格，方格;格柵，格子,(n) a pattern or structure made from horizontal and vertical lines crossing each other to form squares. 網格，方格;格柵，格子 A metal grid had been placed over the hole to prevent people from falling in.,OneDrive_1_2026-4-28\tesla_ch2_ultra_fullscreen.pptx,2
grid scale,"Grid-scale storage refers to technologies connected to the power grid that can store energy and then supply it back to the grid at a more advantageous time – for example, at night, when no solar power is available, or during a weather event that disrupts electricity generation.","(n) Grid-scale storage refers to technologies connected to the power grid that can store energy and then supply it back to the grid at a more advantageous time – for example, at night, when no solar power is available, or during a weather event that disrupts electricity generation.",OneDrive_1_2026-4-28\tesla_ch2_ultra_fullscreen.pptx,3
electric vehicle,電動車,(n) a vehicle powered by electricity instead of gasoline. 電動車 Tesla is one of the best-known electric vehicle companies in the world.,OneDrive_1_2026-4-28\tesla_ch2_ultra_fullscreen.pptx,4
clean energy,清潔能源,(n) energy that causes little or no pollution. 清潔能源 Solar power is a common source of clean energy.,OneDrive_1_2026-4-28\tesla_ch2_ultra_fullscreen.pptx,5
battery,電池,(n) a device that stores electricity and supplies power. 電池 A larger battery allows the car to travel farther.,OneDrive_1_2026-4-28\tesla_ch2_ultra_fullscreen.pptx,6
solar,太陽能的；與太陽有關的,(adj) relating to the sun or energy from the sun. 太陽能的；與太陽有關的 Many houses use solar panels to reduce electricity costs.,OneDrive_1_2026-4-28\tesla_ch2_ultra_fullscreen.pptx,7
tribute,尤指在正式場合表達敬意的頌詞，禮物,"(n) something that you say or write that shows your respect and admiration for someone, especially on a formal occasion （尤指在正式場合表達敬意的）頌詞，禮物 Tributes have been pouring in from all over the world for the famous actor who died yesterday.",OneDrive_1_2026-4-28\tesla_ch2_ultra_fullscreen.pptx,8
inventor,發明家,"(n) a person who creates a new device, idea, or process. 發明家 Nikola Tesla was a famous inventor and engineer.",OneDrive_1_2026-4-28\tesla_ch2_ultra_fullscreen.pptx,9
electrical,電的;與電有關的,relating to electricity. 電的;與電有關的 electrical equipment/goods/devices,OneDrive_1_2026-4-28\tesla_ch2_ultra_fullscreen.pptx,10
CEO,執行長,(n) chief executive officer; the highest-ranking manager in a company. 執行長 The CEO announced a new strategy for the company.,OneDrive_1_2026-4-28\tesla_ch2_ultra_fullscreen.pptx,11
overarching,首要的；包羅萬象的，支配一切的,"most important, because of including or affecting all other areas. 首要的；包羅萬象的，支配一切的 The overarching theme of the election campaign was tax cuts.",OneDrive_1_2026-4-28\tesla_ch2_ultra_fullscreen.pptx,12
expedite,迅速完成;促進;加快,(v) to make something happen more quickly. 迅速完成;促進;加快 Something needs to be done to expedite the process.,OneDrive_1_2026-4-28\tesla_ch2_ultra_fullscreen.pptx,13
hydrocarbon,碳氫化合物,"(n) a chemical compound made of hydrogen and carbon, often found in fuel. 碳氫化合物 Electric cars reduce dependence on hydrocarbon fuels.",OneDrive_1_2026-4-28\tesla_ch2_ultra_fullscreen.pptx,14
affordable,負擔得起的,(adj) cheap enough for most people to buy. 負擔得起的 Tesla hopes to produce more affordable family cars.,OneDrive_1_2026-4-28\tesla_ch2_ultra_fullscreen.pptx,15
integrate,使融入某社會或群體；使成為一體,(v) to mix with and join society or a group of people （使）融入（某社會或群體）；（使）成為一體 He seems to find it difficult to integrate socially.,OneDrive_1_2026-4-28\tesla_ch2_ultra_fullscreen.pptx,16
architecture,架構,(n) the basic design or structure of a system. 架構 The software architecture controls many functions of the car.,OneDrive_1_2026-4-28\tesla_ch2_ultra_fullscreen.pptx,17
indicate,標示；表明；顯示；暗示,"(v) show, point, or make clear in another way 標示；表明；顯示；暗示 Exploratory investigations have indicated large amounts of oil below the sea bed.",OneDrive_1_2026-4-28\tesla_ch2_ultra_fullscreen.pptx,18
software update,軟體更新,(n) a new version of software that improves performance or fixes problems. 軟體更新 Drivers can download a software update online.,OneDrive_1_2026-4-28\tesla_ch2_ultra_fullscreen.pptx,19
functionality,功能,(n) any or all of the operations performed by a piece of equipment or a software program. 功能 The navigation bar provides additional functionality by providing direct links to main sections in the contents including the index.,OneDrive_1_2026-4-28\tesla_ch2_ultra_fullscreen.pptx,20
performance,性能；表現,(n) how well something works or operates. 性能；表現 The update improved the vehicle's performance.,OneDrive_1_2026-4-28\tesla_ch2_ultra_fullscreen.pptx,21
automaker,汽車製造商,(n) a big company that makes cars. 汽車製造商 The nation's number three automaker set an all-time monthly sales record in June.,OneDrive_1_2026-4-28\tesla_ch2_ultra_fullscreen.pptx,22
consumer,消費者,(n) a person who buys goods or services. 消費者 Tesla sells some vehicles directly to consumers.,OneDrive_1_2026-4-28\tesla_ch2_ultra_fullscreen.pptx,23
auto,汽車,(n) a car 汽車 The town is dominated by its large auto assembly plant.,OneDrive_1_2026-4-28\tesla_ch2_ultra_fullscreen.pptx,24
dealership,獲准出售特定產品的經銷公司,"(n) a business that has permission to sell products from a particular company, especially cars （獲准出售特定產品的）經銷公司 The street was lined with fast food restaurants, car dealerships, and electronics shopsstores.",OneDrive_1_2026-4-28\tesla_ch2_ultra_fullscreen.pptx,26
conflict of interest,利益衝突因為相關自身利益而使當事人無法做出公正或公平判斷的情況,(n) a situation in which someone cannot make a fair decision because they will be affected by the result 利益衝突（因為相關自身利益而使當事人無法做出公正或公平判斷的情況） I need to declare a conflict of interest here - one of the candidates for the job is a friend of mine.,OneDrive_1_2026-4-28\tesla_ch2_ultra_fullscreen.pptx,27
promote,促進;促銷，推銷;推廣,"(v)to encourage people to like, buy, use, do, or support something 促進;促銷，推銷;推廣 Advertising companies are always having to think up new ways to promote products.",OneDrive_1_2026-4-28\tesla_ch2_ultra_fullscreen.pptx,28
proactive,主動的，積極的,taking action by causing change and not only reacting to change when it happens 主動的，積極的 Companies are going to have to be more proactive about environmental management.,OneDrive_1_2026-4-28\tesla_ch2_ultra_fullscreen.pptx,29
diagnosis,診斷,"(n) a judgment about what a particular illness or problem is, made after examining it 診斷 The doctor has made an initial diagnosis.",OneDrive_1_2026-4-28\tesla_ch2_ultra_fullscreen.pptx,30
remote diagnosis,遠端診斷,(n) checking a problem from a distance by using digital technology. 遠端診斷 Remote diagnosis can help engineers detect battery problems early.,OneDrive_1_2026-4-28\tesla_ch2_ultra_fullscreen.pptx,31
component,組成部分;成分;零件,(n) a part that combines with other parts to form something bigger 組成部分;成分;零件 television/aircraft/computer components,OneDrive_1_2026-4-28\tesla_ch2_ultra_fullscreen.pptx,32
proprietary,所有人的，業主的,"relating to owning something, or relating to or like an owner 所有（人）的，業主的 I just assumed he owned the place - he had a proprietary air about him.",OneDrive_1_2026-4-28\tesla_ch2_ultra_fullscreen.pptx,33
automative,自動化的,relating to things that have been automated (= made automatic) 自動化的 automative processes,OneDrive_1_2026-4-28\tesla_ch2_ultra_fullscreen.pptx,34
outsource,外包，委外;將…委外辦理,"(n) If a company outsources, it pays to have part of its work done by another company. 外包，委外;（將…）委外辦理 Unions are fighting a plan by the university to outsource all non-academic services.",OneDrive_1_2026-4-28\tesla_ch2_ultra_fullscreen.pptx,35
assembly,組合體;組成,(n) the structure produced by this process 組合體;組成 The frame needs to be strong enough to support the engine assembly.,OneDrive_1_2026-4-28\tesla_ch2_ultra_fullscreen.pptx,36
discreetly,審慎地，謹慎地，小心地,"(ad) in a way that is careful not to cause embarrassment or attract too much attention, especially by keeping something secret. 審慎地，謹慎地，小心地 The removal of the waste is done discreetly.",OneDrive_1_2026-4-28\tesla_ch2_ultra_fullscreen.pptx,37
launch,啓動，推出，發起,(v) to begin something such as a plan or introduce something new such as a product. 啓動，推出，發起 The programme was launched a year ago.,OneDrive_1_2026-4-28\tesla_ch2_ultra_fullscreen.pptx,38
charge,充電,(v) to put electricity into an electrical device such as a battery. 充電 She drove the car round the block to charge (up) its batteries.,OneDrive_1_2026-4-28\tesla_ch2_ultra_fullscreen.pptx,39
charger,充電器，充電機,(n) a device that is used to recharge a battery. 充電器，充電機 I left my phone charger in the hotel room.,OneDrive_1_2026-4-28\tesla_ch2_ultra_fullscreen.pptx,40
free of charge,免費,(adj./adv. phr.) costing no money. 免費 Destination chargers are available free of charge at some hotels.,OneDrive_1_2026-4-28\tesla_ch2_ultra_fullscreen.pptx,41
on-site,在工地的；在現場的,(ad) existing or happening in the place where people are working or involved in a particular activity. 在工地的；在現場的 We're meeting the contractor on-site tomorrow.,OneDrive_1_2026-4-28\tesla_ch2_ultra_fullscreen.pptx,42
certified,有合格證書的;獲得資格的,having a document that proves that you have successfully finished a course of training. 有合格證書的;獲得資格的 a certified teacher/nurse,OneDrive_1_2026-4-28\tesla_ch2_ultra_fullscreen.pptx,43
navigation,領航;導航,"(n) the act of directing a ship, aircraft, etc. 領航;導航 In the past, navigation depended on a knowledge of the positions of the stars.",OneDrive_1_2026-4-28\tesla_ch2_ultra_fullscreen.pptx,44
cell,細胞；電池,"(n) 細胞 (n) a device for producing electrical energy from chemical energy, 電池",OneDrive_1_2026-4-28\tesla_ch2_ultra_fullscreen.pptx,45
cylindrical ( səˈlindrik(ə)l ),圓柱形的；壓縮,"having the shape of a cylinder (= hollow tube), 圓柱形的 This circumstance makes the solution of the problem of compression (壓縮) stability for a cylindrical target much more complicated.",OneDrive_1_2026-4-28\tesla_ch2_ultra_fullscreen.pptx,46
lithium ( ˈliTHēəm ),鋰,"(n) a chemical element that is a soft, silver-coloured metal, 鋰",OneDrive_1_2026-4-28\tesla_ch2_ultra_fullscreen.pptx,47
ion,離子,"(n) an atom or small group of atoms that has an electrical charge because it has added or lost one or more electrons, 離子",OneDrive_1_2026-4-28\tesla_ch2_ultra_fullscreen.pptx,48
commodity,商品，貨物,"(n) a substance or product that can be traded, bought, or sold 商品，貨物 The country's most valuable commodities include tin and diamonds.",OneDrive_1_2026-4-28\tesla_ch2_ultra_fullscreen.pptx,49
feature,特色，特徵，特點,(n) a typical quality or an important part of something. 特色，特徵，特點 The town's main features are its beautiful mosque and ancient marketplace.,OneDrive_1_2026-4-28\tesla_ch2_ultra_fullscreen.pptx,50
redundant,多餘的，不需要的，累贅的，囉唆的,"(especially of a word, phrase, etc.) unnecessary because it is more than is needed. 多餘的，不需要的，累贅的，囉唆的 In the sentence ""She is a single unmarried woman"", the word ""unmarried"" is redundant.",OneDrive_1_2026-4-28\tesla_ch2_ultra_fullscreen.pptx,51
intumescent (ˌinto͞oˈmes(ə)nt ),膨脹的；鼓起的,"膨脹的, 鼓起的",OneDrive_1_2026-4-28\tesla_ch2_ultra_fullscreen.pptx,52
floor,房間的地板，地面,(n) the flat surface of a room on which you walk. （房間的）地板，地面 The floor was partly covered with a dirty old rug.,OneDrive_1_2026-4-28\tesla_ch2_ultra_fullscreen.pptx,53
interior,內部,"(n) the inside part of something, 內部 The estate agent had pictures of the house from the outside but none of its interior.",OneDrive_1_2026-4-28\tesla_ch2_ultra_fullscreen.pptx,54
truck,卡車 後車箱,(n) 卡車 (n) 後車箱,OneDrive_1_2026-4-28\tesla_ch2_ultra_fullscreen.pptx,55
debris,碎片，殘駭,"(n) broken or torn pieces of something larger, 碎片，殘駭 Debris from the aircraft was scattered over a large area.",OneDrive_1_2026-4-28\tesla_ch2_ultra_fullscreen.pptx,56
armor plate,裝甲板,(n) a thick metal plate used for protection. 裝甲板 The armor plate helps protect the battery pack under the car.,OneDrive_1_2026-4-28\tesla_ch2_ultra_fullscreen.pptx,57
counterpart,作用相同者，相對應者,(n) a person or thing that has the same purpose as another one in a different place or organization. 作用相同者，相對應者 The prime minister is to meet his European counterparts to discuss the war against drugs.,OneDrive_1_2026-4-28\tesla_ch2_ultra_fullscreen.pptx,58
source,來源；從某地獲取,"(n) 來源 (v) to get something from a particular place, 從（某地）獲取 Where possible the produce used in our restaurant is sourced locally.",OneDrive_1_2026-4-28\tesla_ch2_ultra_fullscreen.pptx,59
in-house,自行設計、生產,(ad) Something that is done in-house is done within an organization or business by its employees rather than by other people. 自行(設計、生產) an in-house training scheme,OneDrive_1_2026-4-28\tesla_ch2_ultra_fullscreen.pptx,60
mass-produce,大量生產,(v) to make large numbers of a product by machine. 大量生產 The company plans to mass-produce batteries at a lower cost.,OneDrive_1_2026-4-28\tesla_ch2_ultra_fullscreen.pptx,61
autopilot,自動駕駛輔助系統,(n) a system that can automatically control part of a vehicle's movement. 自動駕駛輔助系統 Autopilot can assist drivers on long highway trips.,OneDrive_1_2026-4-28\tesla_ch2_ultra_fullscreen.pptx,62
burdensome,麻煩的；沉重的，繁重的,causing difficulties or work. 麻煩的；沉重的，繁重的 a burdensome task,OneDrive_1_2026-4-28\tesla_ch2_ultra_fullscreen.pptx,63
supervision,監督，管理，指導,"(n) the act of watching a person or activity and making certain that everything is done correctly, safely, etc. 監督，管理，指導 Students are not allowed to handle these chemicals unless they are under the supervision of a teacher.",OneDrive_1_2026-4-28\tesla_ch2_ultra_fullscreen.pptx,64
autonomous,自治的，有自治權的,"an autonomous machine or system is able to operate without being controlled directly by humans. 自治的，有自治權的 As an autonomous vehicle, it is capable of sensing its environment and navigating without human input.",OneDrive_1_2026-4-28\tesla_ch2_ultra_fullscreen.pptx,65
sensor,感測器,"(n) a device that detects changes such as heat, light, or movement. 感測器 The car uses cameras and sensors to monitor the road.",OneDrive_1_2026-4-28\tesla_ch2_ultra_fullscreen.pptx,66
self-driving,自動駕駛的,(adj) able to drive itself with little or no human control. 自動駕駛的 Self-driving technology is still developing rapidly.,OneDrive_1_2026-4-28\tesla_ch2_ultra_fullscreen.pptx,67
ship,船；運輸，運送,"(n) 船 (v) to send something, usually a large object or a large quantity of objects or people, to a place far away. 運輸，運送 We ship books out to New York every month.",OneDrive_1_2026-4-28\tesla_ch2_ultra_fullscreen.pptx,68
ultrasonic,聲音超聲的,Ultrasonic sound is too high for people to hear. （聲音）超聲的 Ultrasonic examinations documented good fetal(胎兒) growth and did not display any abnormalities.,OneDrive_1_2026-4-28\tesla_ch2_ultra_fullscreen.pptx,69
beta phase,測試階段；階段,"(n) a testing stage before a product is fully finished. 測試階段；Beta 階段 The software is still in the beta phase, so drivers must stay alert.",OneDrive_1_2026-4-28\tesla_ch2_ultra_fullscreen.pptx,71
tablet,藥片 平板,"(n) a small, solid piece of medicine. 藥片 (n) 平板 A sleeping tablet. You may take more tablets than prescribed(規定的) on days when you feel more depressed",OneDrive_1_2026-4-28\ch3_tablet_paragraphs_v3.pptx,3
primarily,主要地,"(ad) mainly, 主要地 Baseball is primarily a summer game.",OneDrive_1_2026-4-28\ch3_tablet_paragraphs_v3.pptx,4
touchscreen,觸控螢幕,(n) a screen that you touch to give instructions to a device. 觸控螢幕 A touchscreen lets users control a tablet with their fingers.,OneDrive_1_2026-4-28\ch3_tablet_paragraphs_v3.pptx,5
function,起…作用；當作…使用,"(v) to work as or serve as something. 起…作用；當作…使用 On a tablet, the screen functions as both a display and an input device.",OneDrive_1_2026-4-28\ch3_tablet_paragraphs_v3.pptx,6
device,裝置；設備,(n) a machine or tool designed for a special purpose. 裝置；設備 Alan Kay imagined a personal device for children to learn with.,OneDrive_1_2026-4-28\ch3_tablet_paragraphs_v3.pptx,7
desktop,桌上型電腦,"(n) a personal computer designed to stay in one place, usually on a desk. 桌上型電腦 A desktop usually needs a separate monitor and keyboard.",OneDrive_1_2026-4-28\ch3_tablet_paragraphs_v3.pptx,8
laptop,筆記型電腦,(n) 筆記型電腦 My laptop has a built-in microphone.,OneDrive_1_2026-4-28\ch3_tablet_paragraphs_v3.pptx,9
hideable,可隱藏的,able to be hidden from view. 可隱藏的 A hideable keyboard can slide behind the screen.,OneDrive_1_2026-4-28\ch3_tablet_paragraphs_v3.pptx,10
virtual keyboard,虛擬鍵盤,(n) a keyboard shown on a screen instead of a physical one. 虛擬鍵盤 The tablet displays a virtual keyboard when you tap a text box.,OneDrive_1_2026-4-28\ch3_tablet_paragraphs_v3.pptx,11
various,各種不同的；各種各樣的,"many different. 各種不同的；各種各樣的. We had various problems on our journey, including a flat tyre.",OneDrive_1_2026-4-28\ch3_tablet_paragraphs_v3.pptx,12
convertible,可改變的，可轉變的,able to be arranged in a different way and used for a different purpose. 可改變的，可轉變的 a convertible sofa bed,OneDrive_1_2026-4-28\ch3_tablet_paragraphs_v3.pptx,13
swivel,轉動，旋轉,(v) to (cause to) turn around a central point in order to face in another direction. 轉動，旋轉 She swivelled round to look out of the window.,OneDrive_1_2026-4-28\ch3_tablet_paragraphs_v3.pptx,14
slide joint,滑動接頭；滑軌接頭,(n) a connector that allows one part to slide against another. 滑動接頭；滑軌接頭 A slide joint can hide the keyboard behind the screen.,OneDrive_1_2026-4-28\ch3_tablet_paragraphs_v3.pptx,16
hybrid,混合體；混合式裝置,(n) something that combines two different forms or functions. 混合體；混合式裝置 A hybrid can be used as both a tablet and a laptop.,OneDrive_1_2026-4-28\ch3_tablet_paragraphs_v3.pptx,17
detachable,可拆下的；可分離的，可分開的,able to be detached. 可拆下的；可分離的，可分開的 a detachable collar/hood,OneDrive_1_2026-4-28\ch3_tablet_paragraphs_v3.pptx,18
stand-alone,電腦、企業等獨立的，獨立運作的,"(a)used to refer to a computer that can operate on its own, without being connected to a network (= a number of computers connected together). （電腦、企業等）獨立的，獨立運作的 At first personal computers were standalone units on employees' desks.",OneDrive_1_2026-4-28\ch3_tablet_paragraphs_v3.pptx,19
booklet,書本式雙螢幕平板,(n) a tablet design with two touchscreens like an open book. 書本式雙螢幕平板 A booklet may show a keyboard on one screen and text on the other.,OneDrive_1_2026-4-28\ch3_tablet_paragraphs_v3.pptx,20
dual,雙重的；雙面的,(a) having two parts or two functions. 雙重的；雙面的 The device has dual screens for typing and viewing.,OneDrive_1_2026-4-28\ch3_tablet_paragraphs_v3.pptx,21
variety,多樣化；變化,"(n) the characteristic of often changing and being different. 多樣化；變化 When planning meals, you need to think about variety and taste as well as nutritional value.",OneDrive_1_2026-4-28\ch3_tablet_paragraphs_v3.pptx,22
smartphone,智慧型手機,(n) a mobile phone that can run apps and connect to the Internet. 智慧型手機 Many people use both a smartphone and a tablet every day.,OneDrive_1_2026-4-28\ch3_tablet_paragraphs_v3.pptx,23
differ,與…不同，跟…不一樣，有區別,"(v) to be not like something or someone else, either physically or in another way. 與…不同，跟…不一樣，有區別 His views differ considerably from those of his parents.",OneDrive_1_2026-4-28\ch3_tablet_paragraphs_v3.pptx,25
considerably,相當,"(ad) to a large, noticeable, or important degree. 相當 He's considerably fatter than he was when I knew him.",OneDrive_1_2026-4-28\ch3_tablet_paragraphs_v3.pptx,26
user interface,使用者介面,(n) the way a person controls and interacts with a device or program. 使用者介面 A simple user interface makes the tablet easier to use.,OneDrive_1_2026-4-28\ch3_tablet_paragraphs_v3.pptx,27
operating system,作業系統,(n) the main software that controls a computer or mobile device. 作業系統 Android and iOS are popular operating systems for mobile devices.,OneDrive_1_2026-4-28\ch3_tablet_paragraphs_v3.pptx,28
processor,電腦的處理器,(n) the part of a computer that processes data and controls operations. （電腦的）處理器 A faster processor helps the tablet run apps smoothly.,OneDrive_1_2026-4-28\ch3_tablet_paragraphs_v3.pptx,29
application,應用程式,(n) a software program designed for a particular use; an app. 應用程式 Students can download learning applications to their tablets.,OneDrive_1_2026-4-28\ch3_tablet_paragraphs_v3.pptx,30
crucial,至關重要的；關鍵的；決定性的,extremely important or necessary. 至關重要的；關鍵的；決定性的 Her work has been crucial to the project's success.,OneDrive_1_2026-4-28\ch3_tablet_paragraphs_v3.pptx,31
media consumption,媒體內容的觀看與使用,"(n) the activity of watching, reading, or listening to digital content. 媒體內容的觀看與使用 Tablets are often used for media consumption such as video and news.",OneDrive_1_2026-4-28\ch3_tablet_paragraphs_v3.pptx,32
derived from,來自於，源自,"(phr v) to come from something. 來自於，源自 The English word ""olive"" is derived from the Latin word ""oliva"".",OneDrive_1_2026-4-28\ch3_tablet_paragraphs_v3.pptx,33
disruptive,搗亂的，引起混亂的,"causing trouble and therefore stopping something from continuing as usual. 搗亂的，引起混亂的 His teacher described him as a noisy, disruptive influence in class.",OneDrive_1_2026-4-28\ch3_tablet_paragraphs_v3.pptx,35
dramatically,突然地;明顯地,(ad) suddenly or obviously. 突然地;明顯地 Your life changes dramatically when you have a baby to take care of.,OneDrive_1_2026-4-28\ch3_tablet_paragraphs_v3.pptx,36
cannibalizing,使用同類的；同類相食；拆用；拼修；拼配,"(v) 使用同類的, 同類相食 (v) to take parts from a machine or vehicle in order to make or repair another machine or vehicle. 拆用；拼修；拼配 He bought an old engine and cannibalized it for spare parts.",OneDrive_1_2026-4-28\ch3_tablet_paragraphs_v3.pptx,37
associated,相關的；有關聯的,(adj) connected with or related to something else. 相關的；有關聯的 The tablet and its associated software developed together.,OneDrive_1_2026-4-28\ch3_tablet_paragraphs_v3.pptx,39
pen computing,手寫筆運算；筆式運算,(n) a way of using a computer mainly with a pen or stylus. 手寫筆運算；筆式運算 Early tablet ideas were closely related to pen computing.,OneDrive_1_2026-4-28\ch3_tablet_paragraphs_v3.pptx,40
information display,資訊顯示介面,(n) a screen or surface used to show data or visual information. 資訊顯示介面 The device used a flat information display to show input and output.,OneDrive_1_2026-4-28\ch3_tablet_paragraphs_v3.pptx,41
telautograph,電傳手寫機；電報傳真機,(n) an early machine that sent handwriting electrically over a distance. 電傳手寫機；電報傳真機 The telautograph was an early step toward pen-based input.,OneDrive_1_2026-4-28\ch3_tablet_paragraphs_v3.pptx,42
contemporary,當代的;現代的,"existing or happening now, and therefore seeming modern. 當代的;現代的 Although the play was written hundreds of years ago, it still has a contemporary feel to it.",OneDrive_1_2026-4-28\ch3_tablet_paragraphs_v3.pptx,43
appear,出現;呈現;顯現,(v) to start to be seen or to be present. 出現;呈現;顯現 He suddenly appeared in the doorway.,OneDrive_1_2026-4-28\ch3_tablet_paragraphs_v3.pptx,44
science fiction,科幻小說；科幻作品,"(n) stories about future science, technology, or space travel. 科幻小說；科幻作品 Tablet-like devices appeared in science fiction before they became real.",OneDrive_1_2026-4-28\ch3_tablet_paragraphs_v3.pptx,45
alternative,可替代的；可供選擇的 可供選擇的事物；可供選擇的解決辦法,(a)可替代的；可供選擇的 (n)可供選擇的事物；可供選擇的解決辦法 You've given me no alternative. I'm afraid we have to let you go.,OneDrive_1_2026-4-28\ch3_tablet_paragraphs_v3.pptx,46
coin,硬幣；創造；杜撰新詞,(n) 硬幣 (v) to invent a new word or expression. 創造；杜撰（新詞） Alan Kay coined the name “Dynabook.”,OneDrive_1_2026-4-28\ch3_tablet_paragraphs_v3.pptx,47
term,把…稱為,(v) to call or describe something by a particular name. 把…稱為 Star Trek termed these tablet devices “padds.”,OneDrive_1_2026-4-28\ch3_tablet_paragraphs_v3.pptx,49
WebPAD,平板名稱,(n) the name of an early touchscreen tablet announced by Intel in 1999. WebPAD 平板名稱 Intel announced a touchscreen tablet called WebPAD in 1999.,OneDrive_1_2026-4-28\ch3_tablet_paragraphs_v3.pptx,52
re-branded,給機構，公司，產品等重塑形象,"(v) to change the way that an organization, company, or product is seen by the public 給（機構，公司，產品等）重塑形象 Businesses may decide to rebrand for several reasons.",OneDrive_1_2026-4-28\ch3_tablet_paragraphs_v3.pptx,53
field work,實地考察;野外研究,"(n) study that consists of practical activities that are done away from your school, college, or place of work 實地考察;野外研究 They had to go to Africa to do their fieldwork.",OneDrive_1_2026-4-28\ch3_tablet_paragraphs_v3.pptx,54
usability,可用性,"(n) the fact of something being easy to use, or the degree to which it is easy to use. 可用性 Candidates must have extensive experience in website design and usability.",OneDrive_1_2026-4-28\ch3_tablet_paragraphs_v3.pptx,55
release,發布；推出,(v) to make a new product available to the public. 發布；推出 Apple released the iPad in 2010.,OneDrive_1_2026-4-28\ch3_tablet_paragraphs_v3.pptx,56
battery life,電池續航力,(n) the length of time a device can work before it needs charging. 電池續航力 Long battery life is one reason tablets are convenient.,OneDrive_1_2026-4-28\ch3_tablet_paragraphs_v3.pptx,57
simplicity,簡單，簡易,(n) the fact that something is easy to understand or do 簡單，簡易 The advantage of the plan is its simplicity.,OneDrive_1_2026-4-28\ch3_tablet_paragraphs_v3.pptx,58
with respect to,關於,(idiom) in connection with something 關於 I am writing with respect to your letter of 15 June.,OneDrive_1_2026-4-28\ch3_tablet_paragraphs_v3.pptx,59
perceive,認為;看待;視為,"(v) to come to an opinion about something, or have a belief about something 認為;看待;視為 How do the French perceive the British?",OneDrive_1_2026-4-28\ch3_tablet_paragraphs_v3.pptx,60
shape,形狀；決定，影響性格,"(n) 形狀 (v) to decide or influence the form of something, especially a belief or idea, or someone's character 決定，影響（性格） Many people are not able to shape their own destinies.",OneDrive_1_2026-4-28\ch3_tablet_paragraphs_v3.pptx,61
iOS,蘋果行動作業系統,(n) Apple’s mobile operating system used on devices such as the iPad. 蘋果行動作業系統 iOS The iPad uses iOS to manage apps and settings.,OneDrive_1_2026-4-28\ch3_tablet_paragraphs_v3.pptx,63
debut,首演，首次公演,(n) the occasion when someone performs or presents something to the public for the first time 首演，首次公演 She made her professional stage debut in Swan Lake.,OneDrive_1_2026-4-28\ch3_tablet_paragraphs_v3.pptx,64
popularize,使普及,(v) to make something known and understood by ordinary people. 使普及 Television has an important role to play in popularizing new scientific ideas.,OneDrive_1_2026-4-28\ch3_tablet_paragraphs_v3.pptx,65
mainstream,主流的,"considered normal, and having or using ideas, beliefs, etc. that are accepted by most people. 主流的 This is the director's first mainstream Hollywood film.",OneDrive_1_2026-4-28\ch3_tablet_paragraphs_v3.pptx,66
multi-touch,多點觸控,(n) a touchscreen feature that recognizes more than one touch at the same time. 多點觸控 Multi-touch allows users to zoom in with two fingers.,OneDrive_1_2026-4-28\ch3_tablet_paragraphs_v3.pptx,67
solid-state storage drive,固態儲存裝置,(n) a storage device with no moving parts that saves data electronically. 固態儲存裝置 A solid-state storage drive can start apps quickly.,OneDrive_1_2026-4-28\ch3_tablet_paragraphs_v3.pptx,68
USB,通用序列匯流排,(abbr.) Universal Serial Bus; a standard connection for electronic devices. 通用序列匯流排；USB You can connect a keyboard to the tablet through USB.,OneDrive_1_2026-4-28\ch3_tablet_paragraphs_v3.pptx,69
Bluetooth,藍牙,(n) a wireless technology for connecting nearby devices. 藍牙 Bluetooth lets the tablet connect to wireless headphones.,OneDrive_1_2026-4-28\ch3_tablet_paragraphs_v3.pptx,70
telephony,電話通訊,(n) the technology of sending sound over a distance by telephone. 電話通訊 Some tablets include mobile telephony capabilities.,OneDrive_1_2026-4-28\ch3_tablet_paragraphs_v3.pptx,71
console,控制台；遊戲主機,(n.) 控制台；遊戲主機。 補充：本課多指 game console。 例：Many game consoles now use touch menus.,OneDrive_1_2026-4-28\ch4_touchscreen_paragraphs_v6_hard70_final.pptx,4
prominent,顯著的；重要的,(adj.) 顯著的；重要的。 補充：prominent role 指「扮演重要角色」。 例：Touchscreens play a prominent role in mobile devices.,OneDrive_1_2026-4-28\ch4_touchscreen_paragraphs_v6_hard70_final.pptx,5
personal digital assistant,個人數位助理,(n.) 個人數位助理。 補充：常見縮寫是 PDA。 例：A personal digital assistant stored notes and schedules.,OneDrive_1_2026-4-28\ch4_touchscreen_paragraphs_v6_hard70_final.pptx,6
satellite navigation device,衛星導航裝置,(n.) 衛星導航裝置。 補充：常見於車用導航語境。 例：A satellite navigation device helps drivers find routes.,OneDrive_1_2026-4-28\ch4_touchscreen_paragraphs_v6_hard70_final.pptx,7
gesture,手勢；觸控手勢,(n.) 手勢；觸控手勢。 補充：如 swipe、pinch 等操作。 例：Pinching is a common touchscreen gesture.,OneDrive_1_2026-4-28\ch4_touchscreen_paragraphs_v6_hard70_final.pptx,8
stylus,觸控筆；手寫筆,(n.) 觸控筆；手寫筆。 補充：比 finger 更適合精細輸入。 例：A stylus helps users write more precisely on a screen.,OneDrive_1_2026-4-28\ch4_touchscreen_paragraphs_v6_hard70_final.pptx,9
coated,塗覆的；有塗層的,(adj.) 塗覆的；有塗層的。 補充：specially coated gloves 指表面經特殊處理的手套。 例：Coated gloves can sometimes work on a screen.,OneDrive_1_2026-4-28\ch4_touchscreen_paragraphs_v6_hard70_final.pptx,11
zoom,放大；縮放,(v.) 放大；縮放。 補充：to zoom the text size 指調整文字大小。 例：Users can zoom the text size with two fingers.,OneDrive_1_2026-4-28\ch4_touchscreen_paragraphs_v6_hard70_final.pptx,12
information appliance,資訊裝置；資訊家電,(n.) 資訊裝置；資訊家電。 補充：指針對特定資訊功能設計的裝置。 例：A kiosk is a type of information appliance.,OneDrive_1_2026-4-28\ch4_touchscreen_paragraphs_v6_hard70_final.pptx,14
demand,需求,(n.) 需求。 補充：本課常指市場需求，不只是「要求」。 例：Smartphones increased the demand for touchscreens.,OneDrive_1_2026-4-28\ch4_touchscreen_paragraphs_v6_hard70_final.pptx,15
acceptance,接受度；採用度,(n.) 接受度；採用度。 補充：本課指市場對新技術的接受。 例：Public acceptance of touchscreens has grown quickly.,OneDrive_1_2026-4-28\ch4_touchscreen_paragraphs_v6_hard70_final.pptx,16
kiosk,資訊亭；自助機台,(n.) 資訊亭；自助機台。 補充：常見於博物館、車站、賣場等場所。 例：The museum installed a touchscreen kiosk at the entrance.,OneDrive_1_2026-4-28\ch4_touchscreen_paragraphs_v6_hard70_final.pptx,17
automation,自動化,(n.) 自動化。 補充：room automation 指空間設備的自動控制。 例：Touchscreens are often used in room automation.,OneDrive_1_2026-4-28\ch4_touchscreen_paragraphs_v6_hard70_final.pptx,18
intuitive,直覺的；容易上手的,(adj.) 直覺的；容易上手的。 補充：指不需太多學習就能理解操作。 例：An intuitive interface helps users learn quickly.,OneDrive_1_2026-4-28\ch4_touchscreen_paragraphs_v6_hard70_final.pptx,19
interaction,互動；互相作用,(n.) 互動；互相作用。 補充：human-computer interaction 常指人機互動。 例：Touchscreens allow faster interaction with content.,OneDrive_1_2026-4-28\ch4_touchscreen_paragraphs_v6_hard70_final.pptx,20
accompanying,附隨的；伴隨的,(adj.) 附隨的；伴隨的。 補充：accompanying firmware 指配套的韌體。 例：The panel requires accompanying firmware to work well.,OneDrive_1_2026-4-28\ch4_touchscreen_paragraphs_v6_hard70_final.pptx,23
firmware,韌體,(n.) 韌體。 補充：介於硬體與軟體之間的控制程式。 例：Firmware controls how the touchscreen responds.,OneDrive_1_2026-4-28\ch4_touchscreen_paragraphs_v6_hard70_final.pptx,24
array,一系列；大量,(n.) 一系列；大量。 補充：a wide array of... 指各式各樣的。 例：The product was supported by a wide array of suppliers.,OneDrive_1_2026-4-28\ch4_touchscreen_paragraphs_v6_hard70_final.pptx,25
system integrator,系統整合商,(n.) 系統整合商。 補充：負責把不同硬體與軟體整合成系統。 例：System integrators helped bring the technology to market.,OneDrive_1_2026-4-28\ch4_touchscreen_paragraphs_v6_hard70_final.pptx,26
motherboard,主機板；母板,(n.) 主機板；母板。 補充：電腦內部各元件連接的核心電路板。 例：The controller can be connected to the motherboard.,OneDrive_1_2026-4-28\ch4_touchscreen_paragraphs_v6_hard70_final.pptx,27
acknowledge,承認；認知到,(v.) 承認；認知到。 補充：此處有「認可、注意到趨勢」之意。 例：Manufacturers acknowledged the value of touchscreens.,OneDrive_1_2026-4-28\ch4_touchscreen_paragraphs_v6_hard70_final.pptx,28
desirable,理想的；值得想要的,(adj.) 理想的；值得想要的。 補充：常指「很有吸引力、值得採用」。 例：A touchscreen became a desirable interface component.,OneDrive_1_2026-4-28\ch4_touchscreen_paragraphs_v6_hard70_final.pptx,29
fundamental,基本的；根本的,(adj.) 基本的；根本的。 補充：fundamental design 指核心設計。 例：The change affected the fundamental design of the device.,OneDrive_1_2026-4-28\ch4_touchscreen_paragraphs_v6_hard70_final.pptx,32
resistive,電阻式的,(adj.) 電阻式的。 補充：依靠壓力與電阻變化來偵測觸碰。 例：A resistive screen responds to pressure.,OneDrive_1_2026-4-28\ch4_touchscreen_paragraphs_v6_hard70_final.pptx,34
capacitive,電容式的,(adj.) 電容式的。 補充：依靠電荷變化來偵測觸碰。 例：Most smartphones use capacitive touchscreens.,OneDrive_1_2026-4-28\ch4_touchscreen_paragraphs_v6_hard70_final.pptx,35
transparent,透明的,(adj.) 透明的。 補充：要能讓光線通過並看見下方畫面。 例：The top layer must be transparent.,OneDrive_1_2026-4-28\ch4_touchscreen_paragraphs_v6_hard70_final.pptx,36
gap,間隙；空隙,(n.) 間隙；空隙。 補充：兩層材料之間保留的小空間。 例：There is a thin gap between the two layers.,OneDrive_1_2026-4-28\ch4_touchscreen_paragraphs_v6_hard70_final.pptx,37
comprised,由……組成的,(adj./v.pp.) 由……組成的。 補充：be comprised of = be made up of。 例：The panel is comprised of two thin layers.,OneDrive_1_2026-4-28\ch4_touchscreen_paragraphs_v6_hard70_final.pptx,38
electrically-resistive,具電阻性的；導電性較差的,(adj.) 具電阻性的；導電性較差的。 補充：指材料具有 electrical resistance。 例：The screen uses electrically-resistive layers.,OneDrive_1_2026-4-28\ch4_touchscreen_paragraphs_v6_hard70_final.pptx,39
coating,塗層；覆層,(n.) 塗層；覆層。 補充：此處指覆在表面的薄層材料。 例：The top screen has a coating on its underside.,OneDrive_1_2026-4-28\ch4_touchscreen_paragraphs_v6_hard70_final.pptx,40
substrate,基板；底層,(n.) 基板；底層。 補充：用來承載上層材料的基底。 例：A resistive layer sits on top of its substrate.,OneDrive_1_2026-4-28\ch4_touchscreen_paragraphs_v6_hard70_final.pptx,41
voltage divider,分壓器,(n.) 分壓器。 補充：能把電壓分成較小可測值的電路。 例：The panel behaves like a pair of voltage dividers.,OneDrive_1_2026-4-28\ch4_touchscreen_paragraphs_v6_hard70_final.pptx,42
underside,下側；底面,(n.) 下側；底面。 補充：underside surface 指物體的下方表面。 例：A coating is applied to the underside surface.,OneDrive_1_2026-4-28\ch4_touchscreen_paragraphs_v6_hard70_final.pptx,43
beneath,在……之下,(prep./adv.) 在……之下。 補充：比 under 更正式。 例：A similar layer lies just beneath it.,OneDrive_1_2026-4-28\ch4_touchscreen_paragraphs_v6_hard70_final.pptx,44
sensed,被感測到的,(v./adj.) 被感測到的。 補充：for the touch to be sensed 指讓觸碰被偵測到。 例：The signal is sensed by the other layer.,OneDrive_1_2026-4-28\ch4_touchscreen_paragraphs_v6_hard70_final.pptx,45
axis,軸；座標軸,(n.) 軸；座標軸。 補充：在觸控定位中常指 x 軸或 y 軸。 例：The panel reads one axis at a time.,OneDrive_1_2026-4-28\ch4_touchscreen_paragraphs_v6_hard70_final.pptx,46
switching,切換,(n./v.ger.) 切換。 補充：在不同層之間快速交替。 例：Rapid switching helps locate the touch point.,OneDrive_1_2026-4-28\ch4_touchscreen_paragraphs_v6_hard70_final.pptx,47
contaminant,污染物；雜質,(n.) 污染物；雜質。 補充：像液體、灰塵這類不希望出現的物質。 例：The screen can work even with liquids and contaminants nearby.,OneDrive_1_2026-4-28\ch4_touchscreen_paragraphs_v6_hard70_final.pptx,48
sufficient,足夠的,(adj.) 足夠的。 補充：only sufficient pressure 表示只要足夠壓力即可。 例：Only sufficient pressure is needed for input.,OneDrive_1_2026-4-28\ch4_touchscreen_paragraphs_v6_hard70_final.pptx,49
rigid,堅硬的；不易彎曲的,(adj.) 堅硬的；不易彎曲的。 補充：本課指可拿來當替代觸控工具的硬物。 例：Any rigid object can act as a stylus substitute.,OneDrive_1_2026-4-28\ch4_touchscreen_paragraphs_v6_hard70_final.pptx,50
substitute,替代物,(n.) 替代物。 補充：a finger/stylus substitute 指可替代手指或筆的物件。 例：A plastic tip can be used as a substitute.,OneDrive_1_2026-4-28\ch4_touchscreen_paragraphs_v6_hard70_final.pptx,51
reflection,反射；反光,(n.) 反射；反光。 補充：螢幕多一層材料時容易產生反光。 例：Extra reflections can make the display harder to read.,OneDrive_1_2026-4-28\ch4_touchscreen_paragraphs_v6_hard70_final.pptx,52
insulator,絕緣體,(n.) 絕緣體。 補充：不容易讓電流通過的材料。 例：Glass can serve as an insulator in a capacitive panel.,OneDrive_1_2026-4-28\ch4_touchscreen_paragraphs_v6_hard70_final.pptx,54
conductor,導體,(n.) 導體。 補充：human body is an electrical conductor。 例：A conductor allows electric charge to move.,OneDrive_1_2026-4-28\ch4_touchscreen_paragraphs_v6_hard70_final.pptx,55
distortion,扭曲；變形,(n.) 扭曲；變形。 補充：此處指電場因觸碰而產生改變。 例：Touching the surface causes a distortion in the field.,OneDrive_1_2026-4-28\ch4_touchscreen_paragraphs_v6_hard70_final.pptx,56
electrostatic field,靜電場,(n.) 靜電場。 補充：由電荷形成、通常看不見的電場。 例：A finger changes the electrostatic field on the screen.,OneDrive_1_2026-4-28\ch4_touchscreen_paragraphs_v6_hard70_final.pptx,57
measurable,可測量的,(adj.) 可測量的。 補充：表示變化可以被量到並轉成數值。 例：The change is measurable by the controller.,OneDrive_1_2026-4-28\ch4_touchscreen_paragraphs_v6_hard70_final.pptx,58
capacitance,電容,(n.) 電容。 補充：指儲存電荷的能力，不是元件名稱。 例：The system measures a change in capacitance.,OneDrive_1_2026-4-28\ch4_touchscreen_paragraphs_v6_hard70_final.pptx,59
electrically-insulating,電絕緣的,(adj.) 電絕緣的。 補充：指不易讓電流通過。 例：Most gloves are electrically-insulating.,OneDrive_1_2026-4-28\ch4_touchscreen_paragraphs_v6_hard70_final.pptx,60
consumer electronics,消費性電子產品,(n.) 消費性電子產品。 補充：面向一般消費者的電子設備。 例：Touch tablets are common consumer electronics.,OneDrive_1_2026-4-28\ch4_touchscreen_paragraphs_v6_hard70_final.pptx,62
overcome,克服；解決,(v.) 克服；解決。 補充：本課指藉由特定工具把問題解決掉。 例：The problem can be overcome with a special stylus.,OneDrive_1_2026-4-28\ch4_touchscreen_paragraphs_v6_hard70_final.pptx,63
special-application,特殊用途的,(adj.) 特殊用途的。 補充：special-application glove 指專門設計的手套。 例：A special-application glove can improve touch response.,OneDrive_1_2026-4-28\ch4_touchscreen_paragraphs_v6_hard70_final.pptx,64
embroidered,刺繡的,(adj.) 刺繡的。 補充：embroidered patch 指繡在布料上的區塊。 例：The glove has an embroidered patch on the finger.,OneDrive_1_2026-4-28\ch4_touchscreen_paragraphs_v6_hard70_final.pptx,65
conductive,導電的,(adj.) 導電的。 補充：conductive 指能導電，不是 conduct 的動詞用法。 例：Conductive thread lets a glove work on a screen.,OneDrive_1_2026-4-28\ch4_touchscreen_paragraphs_v6_hard70_final.pptx,66
thread,線；縫線,(n.) 線；縫線。 補充：conductive thread 指導電縫線。 例：Fine thread is stitched into the glove.,OneDrive_1_2026-4-28\ch4_touchscreen_paragraphs_v6_hard70_final.pptx,67
fingertip,指尖,(n.) 指尖。 補充：是手指最前端、最常接觸螢幕的位置。 例：The conductive patch contacts the user's fingertip.,OneDrive_1_2026-4-28\ch4_touchscreen_paragraphs_v6_hard70_final.pptx,68
house,容納；裝設,(v.) 容納；裝設。 補充：本課是動詞，不是名詞 house。 例：The kiosk houses a computer terminal.,OneDrive_1_2026-4-28\ch4_touchscreen_paragraphs_v6_hard70_final.pptx,70
pushbutton,按鈕；按鍵,(n.) 按鈕；按鍵。 補充：早期設備常以 pushbuttons 取代觸控。 例：Pushbuttons were common before touch panels spread.,OneDrive_1_2026-4-28\ch4_touchscreen_paragraphs_v6_hard70_final.pptx,71
alternatively,或者；換句話說,(adv.) 或者；換句話說。 補充：表示另一種說法或另一個選項。 例：The device is alternatively called an interactive kiosk.,OneDrive_1_2026-4-28\ch4_touchscreen_paragraphs_v6_hard70_final.pptx,72
employ,使用；採用,(v.) 使用；採用。 補充：此處不是「雇用」，而是使用設備或軟體。 例：The terminal employs custom software.,OneDrive_1_2026-4-28\ch4_touchscreen_paragraphs_v6_hard70_final.pptx,73
retrieve,取回；擷取,(v.) 取回；擷取。 補充：常見於從資料庫或網路取出資料。 例：The kiosk can retrieve data from a network.,OneDrive_1_2026-4-28\ch4_touchscreen_paragraphs_v6_hard70_final.pptx,74
informational,提供資訊的,(adj.) 提供資訊的。 補充：informational service 指資訊服務。 例：Some kiosks provide informational public services.,OneDrive_1_2026-4-28\ch4_touchscreen_paragraphs_v6_hard70_final.pptx,75
commercial,商業的,(adj.) 商業的。 補充：與 public 或 educational 用途相對。 例：Other kiosks serve a commercial purpose.,OneDrive_1_2026-4-28\ch4_touchscreen_paragraphs_v6_hard70_final.pptx,76
efficiency,效率,(n.) 效率。 補充：指在更少時間或成本下完成工作。 例：Touchscreen kiosks improve efficiency and service.,OneDrive_1_2026-4-28\ch4_touchscreen_paragraphs_v6_hard70_final.pptx,77
unmanned,無人操作的；無人值守的,(adj.) 無人操作的；無人值守的。 補充：常用於 unmanned aircraft / unmanned mission。 例： An unmanned aircraft does not need a pilot on board.,OneDrive_1_2026-4-28\ch5_Unmanned_Aerial_Vehicle.pptx,3
aerial,空中的；航空的； 天線,(adj.) 空中的；航空的；(n.) 天線。 補充：本課主要用作形容詞，如 aerial vehicle。 例： Aerial vehicles move through the air rather than on the ground.,OneDrive_1_2026-4-28\ch5_Unmanned_Aerial_Vehicle.pptx,4
drone,無人機；另可指雄蜂,(n.) 無人機；另可指雄蜂。 補充：在科技語境多指 small unmanned aircraft。 例： The drone can film from a high angle.,OneDrive_1_2026-4-28\ch5_Unmanned_Aerial_Vehicle.pptx,5
aircraft,航空器；飛行器,"(n.) 航空器；飛行器。 補充：可統稱 plane, helicopter, UAV 等飛行載具。 例： An aircraft may be piloted by a human or by remote control.",OneDrive_1_2026-4-28\ch5_Unmanned_Aerial_Vehicle.pptx,6
pilot,飛行員,(n.) 飛行員。 補充：本課也會當動詞，pilot a vehicle = 操控飛行器。 例： The pilot usually sits aboard the aircraft.,OneDrive_1_2026-4-28\ch5_Unmanned_Aerial_Vehicle.pptx,7
aboard,在機上；上機,(adv./prep.) 在機上；上機。 補充：on board 的較正式說法，常用於飛機、船、火車。 例： No human operator is aboard a typical UAV.,OneDrive_1_2026-4-28\ch5_Unmanned_Aerial_Vehicle.pptx,8
powered,由動力驅動的,(adj.) 由動力驅動的。 補充：a powered UAV 指有推進動力的無人機。 例： A powered UAV can stay in the air by its own engine or propellers.,OneDrive_1_2026-4-28\ch5_Unmanned_Aerial_Vehicle.pptx,9
operator,操作者；控制人員,(n.) 操作者；控制人員。 補充：human operator 指遠端控制 UAV 的人。 例： The operator may guide the UAV from the ground.,OneDrive_1_2026-4-28\ch5_Unmanned_Aerial_Vehicle.pptx,10
aerodynamic,空氣動力學的,(adj.) 空氣動力學的。 補充：aerodynamic forces 指讓飛行器產生升力與控制的力量。 例： Wings are shaped to create aerodynamic lift.,OneDrive_1_2026-4-28\ch5_Unmanned_Aerial_Vehicle.pptx,11
lift,升力,(n.) 升力。 補充：本課不是「電梯」，而是讓 aircraft 上升的力。 例： Aerodynamic lift keeps the vehicle in the air.,OneDrive_1_2026-4-28\ch5_Unmanned_Aerial_Vehicle.pptx,12
autonomously,自主地；自動地,(adv.) 自主地；自動地。 補充：autonomously 表示不需持續由人直接控制。 例： Some UAVs can fly autonomously for part of a mission.,OneDrive_1_2026-4-28\ch5_Unmanned_Aerial_Vehicle.pptx,13
remotely,遠端地；遙控地,(adv.) 遠端地；遙控地。 補充：本課不是「偏遠地」，而是從遠處控制。 例： The aircraft may be remotely guided.,OneDrive_1_2026-4-28\ch5_Unmanned_Aerial_Vehicle.pptx,15
expendable,可犧牲的；可拋棄的,(adj.) 可犧牲的；可拋棄的。 補充：軍事語境中指任務後不一定要回收。 例： Some early systems were considered expendable.,OneDrive_1_2026-4-28\ch5_Unmanned_Aerial_Vehicle.pptx,16
recoverable,可回收的；可重新取回的,(adj.) 可回收的；可重新取回的。 補充：與 expendable 相對，強調任務後能回收再用。 例： A recoverable UAV can be brought back safely.,OneDrive_1_2026-4-28\ch5_Unmanned_Aerial_Vehicle.pptx,17
lethal,致命的,(adj.) 致命的。 補充：lethal / nonlethal payload 指致命／非致命載荷。 例： A lethal payload can seriously injure or kill.,OneDrive_1_2026-4-28\ch5_Unmanned_Aerial_Vehicle.pptx,18
payload,有效載荷,"(n.) 有效載荷。 補充：指 UAV 實際攜帶的相機、感測器或武器等。 例： The payload may be a camera, sensor, or missile.",OneDrive_1_2026-4-28\ch5_Unmanned_Aerial_Vehicle.pptx,19
guided,導引的；受導引控制的,(adj.) 導引的；受導引控制的。 補充：guided missile 指有導引系統的飛彈。 例： Some weapons are remotely guided after launch.,OneDrive_1_2026-4-28\ch5_Unmanned_Aerial_Vehicle.pptx,20
resemblance,相似；外表相似之處,(n.) 相似；外表相似之處。 補充：外觀相似、行為相似都可用 resemblance。 例： The drone has a resemblance to a bee.,OneDrive_1_2026-4-28\ch5_Unmanned_Aerial_Vehicle.pptx,24
dumb-looking,看起來不聰明的；外表愚鈍的,(adj.) 看起來不聰明的；外表愚鈍的。 補充：形容 drone 外觀簡單、似乎很難控制的印象。 例： UAVs had a dumb-looking appearance.,OneDrive_1_2026-4-28\ch5_Unmanned_Aerial_Vehicle.pptx,25
loud-and-regular motor sound,刺耳且規律的馬達聲,(n.) 刺耳且規律的馬達聲。 補充：指蜜蜂嗡嗡的規律振翅聲。 例： The sound resembled a bee's motor sound.,OneDrive_1_2026-4-28\ch5_Unmanned_Aerial_Vehicle.pptx,26
encounter,遇到；碰到,(v.) 遇到；碰到。 補充：encounter opposition = 遇到反對。 例： The name encountered opposition from aviation regulators.,OneDrive_1_2026-4-28\ch5_Unmanned_Aerial_Vehicle.pptx,27
opposition,反對；對抗,(n.) 反對；對抗。 補充：可作名詞或形容詞，表示反對的立場。 例： The aviation community had opposition to the term.,OneDrive_1_2026-4-28\ch5_Unmanned_Aerial_Vehicle.pptx,28
regulator,監管機構；調節器,(n.) 監管機構；調節器。 補充：aviation regulator = 航空局。 例： Aviation regulators had different opinions.,OneDrive_1_2026-4-28\ch5_Unmanned_Aerial_Vehicle.pptx,29
aviation,航空；飛行相關的,(n./adj.) 航空；飛行相關的。 補充：aviation industry / aviation safety = 航空產業、航空安全。 例： The aviation industry uses this technology.,OneDrive_1_2026-4-28\ch5_Unmanned_Aerial_Vehicle.pptx,30
ground control station,地面控制站,(n.) 地面控制站。 補充：UAV 操作人員所在的遠端控制中心。 例： The operator monitors the UAV from a ground control station.,OneDrive_1_2026-4-28\ch5_Unmanned_Aerial_Vehicle.pptx,31
data link,數據連結；通訊鏈路,(n.) 數據連結；通訊鏈路。 補充：連接地面控制站與 UAV 的無線通訊。 例： A data link transmits signals between operator and UAV.,OneDrive_1_2026-4-28\ch5_Unmanned_Aerial_Vehicle.pptx,32
support equipment,支援設備；輔助裝備,(n.) 支援設備；輔助裝備。 補充：包括充電、維修等相關設備。 例： Support equipment is needed for operations.,OneDrive_1_2026-4-28\ch5_Unmanned_Aerial_Vehicle.pptx,33
UAS,無人機系統,(n.) Unmanned Aircraft System 無人機系統。 補充：比 UAV 更廣泛的術語，包含所有相關系統。 例： A UAS includes the aircraft and ground control.,OneDrive_1_2026-4-28\ch5_Unmanned_Aerial_Vehicle.pptx,34
miniaturization,微型化；縮小,(n.) 微型化；縮小。 補充：miniaturization technology = 使物體變小的技術。 例： Advances in miniaturization enabled smaller UAVs.,OneDrive_1_2026-4-28\ch5_Unmanned_Aerial_Vehicle.pptx,36
applicable,可適用的；適用的,(adj.) 可適用的；適用的。 補充：applicable to = 適用於。 例： This technology is applicable to many missions.,OneDrive_1_2026-4-28\ch5_Unmanned_Aerial_Vehicle.pptx,37
echelon,梯隊；層級,(n.) 梯隊；層級。 補充：軍事術語，表示不同層級的部隊編制。 例： UAVs exist at multiple echelons of military operation.,OneDrive_1_2026-4-28\ch5_Unmanned_Aerial_Vehicle.pptx,38
pioneer,開創；先驅者,(v./n.) 開創；先驅者。 補充：pioneer a technology = 開創一項技術。 例： Military leaders pioneered UAV development.,OneDrive_1_2026-4-28\ch5_Unmanned_Aerial_Vehicle.pptx,39
deployable,可部署的；可配置的,(adj.) 可部署的；可配置的。 補充：deployable system = 可以部署到戰場的系統。 例： Modern UAVs are highly deployable.,OneDrive_1_2026-4-28\ch5_Unmanned_Aerial_Vehicle.pptx,40
aircrew,飛行人員；機組人員,(n.) 飛行人員；機組人員。 補充：指駕駛飛機或 UAV 的人員。 例： An aircrew operates the vehicle.,OneDrive_1_2026-4-28\ch5_Unmanned_Aerial_Vehicle.pptx,41
surveillance,監視；監督,(n.) 監視；監督。 補充：surveillance camera / surveillance mission = 監視攝影機、監視任務。 例： UAVs are used for battlefield surveillance.,OneDrive_1_2026-4-28\ch5_Unmanned_Aerial_Vehicle.pptx,42
armament,武裝；武器系統,(n.) 武裝；武器系統。 補充：armament system = 武裝系統。 例： Some UAVs carry armament for combat.,OneDrive_1_2026-4-28\ch5_Unmanned_Aerial_Vehicle.pptx,43
dull,沉悶的；乏味的,(adj.) 沉悶的；乏味的。 補充：任務單調乏味，不危險但重複單調。 例： Surveillance is often a dull task.,OneDrive_1_2026-4-28\ch5_Unmanned_Aerial_Vehicle.pptx,44
recreational,娛樂的；消遣的,(adj.) 娛樂的；消遣的。 補充：recreational use = 娛樂用途。 例： Hobbyists use drones for recreational flying.,OneDrive_1_2026-4-28\ch5_Unmanned_Aerial_Vehicle.pptx,45
policing,警務；執法,(n.) 警務；執法。 補充：policing mission = 警務任務。 例： UAVs assist in policing operations.,OneDrive_1_2026-4-28\ch5_Unmanned_Aerial_Vehicle.pptx,46
drone racing,無人機競速,(n.) 無人機競速。 補充：新興的競技運動，操作無人機進行比賽。 例： Drone racing has become a popular sport.,OneDrive_1_2026-4-28\ch5_Unmanned_Aerial_Vehicle.pptx,47
aerial photography,航拍；空中攝影,(n.) 航拍；空中攝影。 補充：利用無人機進行的攝影、測量等。 例： Aerial photography is widely used in surveying.,OneDrive_1_2026-4-28\ch5_Unmanned_Aerial_Vehicle.pptx,48
autonomy,自主性；自動化程度,(n.) 自主性；自動化程度。 補充：degree of autonomy = 自主程度。 例： Modern UAVs have high autonomy.,OneDrive_1_2026-4-28\ch5_Unmanned_Aerial_Vehicle.pptx,50
intermittently,間歇地；斷斷續續地,(adv.) 間歇地；斷斷續續地。 補充：不連續，有時工作有時不工作。 例： The system operates intermittently during long missions.,OneDrive_1_2026-4-28\ch5_Unmanned_Aerial_Vehicle.pptx,51
onboard computer,機載電腦；車載電腦,(n.) 機載電腦；車載電腦。 補充：安裝在 UAV 上的控制計算機。 例： The onboard computer controls flight.,OneDrive_1_2026-4-28\ch5_Unmanned_Aerial_Vehicle.pptx,52
decoy,誘餌；欺騙性物體,(n.) 誘餌；欺騙性物體。 補充：decoy missile = 誘餌飛彈。 例： Some UAVs serve as decoys.,OneDrive_1_2026-4-28\ch5_Unmanned_Aerial_Vehicle.pptx,53
gunnery,炮術；射擊,(n.) 炮術；射擊。 補充：firing weapons = 發射武器的技術。 例： Gunnery systems require skilled operators.,OneDrive_1_2026-4-28\ch5_Unmanned_Aerial_Vehicle.pptx,54
reconnaissance,偵察；探測,(n.) 偵察；探測。 補充：reconnaissance mission = 偵察任務。 例： UAVs conduct reconnaissance over large areas.,OneDrive_1_2026-4-28\ch5_Unmanned_Aerial_Vehicle.pptx,55
battlefield intelligence,戰場情報,(n.) 戰場情報。 補充：在戰場上蒐集的即時情報。 例： Battlefield intelligence is critical for operations.,OneDrive_1_2026-4-28\ch5_Unmanned_Aerial_Vehicle.pptx,56
logistics,後勤；物資供應,(n.) 後勤；物資供應。 補充：logistics operation = 後勤任務。 例： UAVs help with logistics and supply.,OneDrive_1_2026-4-28\ch5_Unmanned_Aerial_Vehicle.pptx,57
cargo,貨物；貨運,(n.) 貨物；貨運。 補充：cargo drone = 貨運無人機。 例： Some UAVs are designed to carry cargo.,OneDrive_1_2026-4-28\ch5_Unmanned_Aerial_Vehicle.pptx,58
in terms of,就...而言；根據,"(prep.) 就...而言；根據。 補充：分類或比較的標準。 例： In terms of range, UAVs vary greatly.",OneDrive_1_2026-4-28\ch5_Unmanned_Aerial_Vehicle.pptx,60
range,航程；範圍,(n.) 航程；範圍。 補充：distance UAV can travel = 無人機能飛行的距離。 例： The range of tactical UAVs is limited.,OneDrive_1_2026-4-28\ch5_Unmanned_Aerial_Vehicle.pptx,62
altitude,高度；海拔,(n.) 高度；海拔。 補充：flying altitude = 飛行高度。 例： Different UAVs operate at different altitudes.,OneDrive_1_2026-4-28\ch5_Unmanned_Aerial_Vehicle.pptx,63
tactical,戰術的；戰場運用的,(adj.) 戰術的；戰場運用的。 補充：tactical UAV 通常支援較短程、較具體的作戰任務。 例： A tactical UAV serves battlefield operations.,OneDrive_1_2026-4-28\ch5_Unmanned_Aerial_Vehicle.pptx,64
MALE,中空長航時,"(abbr.) medium altitude, long endurance，中空長航時。 補充：指中高度、可長時間滯空的 UAV 類型。 例： MALE systems can stay aloft for extended missions.",OneDrive_1_2026-4-28\ch5_Unmanned_Aerial_Vehicle.pptx,65
HALE,高空長航時,"(abbr.) high altitude, long endurance，高空長航時。 補充：比 MALE 飛得更高、續航更久。 例： HALE platforms are used for very wide-area missions.",OneDrive_1_2026-4-28\ch5_Unmanned_Aerial_Vehicle.pptx,66
Mach,馬赫，音速倍數單位,(n.) 馬赫，音速倍數單位。 補充：Mach 5 = 五倍音速；不是 machine 的縮寫。 例： Hypersonic flight begins above Mach 5.,OneDrive_1_2026-4-28\ch5_Unmanned_Aerial_Vehicle.pptx,67
hypersonic,極超音速的,(adj.) 極超音速的。 補充：一般指超過 Mach 5 的飛行速度。 例： Hypersonic vehicles move far faster than sound.,OneDrive_1_2026-4-28\ch5_Unmanned_Aerial_Vehicle.pptx,68
suborbital,次軌道的,(adj.) 次軌道的。 補充：飛行高度很高，但仍未形成完整環繞地球的軌道。 例： A suborbital path does not complete an orbit.,OneDrive_1_2026-4-28\ch5_Unmanned_Aerial_Vehicle.pptx,69
low earth orbit,低地球軌道,(n.) 低地球軌道。 補充：常縮寫 LEO，指較接近地球的軌道範圍。 例： Some classifications extend up to low earth orbit.,OneDrive_1_2026-4-28\ch5_Unmanned_Aerial_Vehicle.pptx,70
hobbyist,業餘愛好者,(n.) 業餘愛好者。 補充：hobbyist UAVs 指玩家型、非專業用途的無人機。 例： A hobbyist may buy a small ready-to-fly drone.,OneDrive_1_2026-4-28\ch5_Unmanned_Aerial_Vehicle.pptx,72
RTF,開箱即飛,(abbr.) ready-to-fly，開箱即飛。 補充：指到手即可飛，無需組裝。 例： Many hobby drones are sold as RTF products.,OneDrive_1_2026-4-28\ch5_Unmanned_Aerial_Vehicle.pptx,73
COTS,商用現成品,(abbr.) commercial-off-the-shelf，商用現成品。 補充：直接購買現成標準零件組裝。 例： COTS components reduce development cost.,OneDrive_1_2026-4-28\ch5_Unmanned_Aerial_Vehicle.pptx,74
BNF,綁定後即可飛,(abbr.) bind-and-fly，綁定後即可飛。 補充：玩家只要把遙控器與機體綁定，就能開始操作。 例： A BNF drone needs only a compatible controller.,OneDrive_1_2026-4-28\ch5_Unmanned_Aerial_Vehicle.pptx,75
stealth,匿蹤的；匿蹤能力,(adj./n.) 匿蹤的；匿蹤能力。 補充：stealth combat drones 強調不易被偵測。 例： Stealth designs reduce the chance of being detected.,OneDrive_1_2026-4-28\ch5_Unmanned_Aerial_Vehicle.pptx,76
micro air vehicle,微型飛行器,(n.) 微型飛行器。 補充：常縮寫 MAV，通常極輕、體積極小。 例： A micro air vehicle can weigh less than one gram.,OneDrive_1_2026-4-28\ch5_Unmanned_Aerial_Vehicle.pptx,78
small tactical,小型戰術級,(adj./n.) 小型戰術級。 補充：輕量級戰術用無人機，重量較輕。 例： Small tactical UAVs are portable and deployable.,OneDrive_1_2026-4-28\ch5_Unmanned_Aerial_Vehicle.pptx,79
medium tactical,中型戰術級,(adj./n.) 中型戰術級。 補充：中等大小的戰術用無人機。 例： Medium tactical UAVs carry more payload.,OneDrive_1_2026-4-28\ch5_Unmanned_Aerial_Vehicle.pptx,80
strategic,戰略的；策略的,(adj.) 戰略的；策略的。 補充：strategic UAV = 戰略級無人機，大型、長航時。 例： Strategic UAVs operate over wide areas.,OneDrive_1_2026-4-28\ch5_Unmanned_Aerial_Vehicle.pptx,81
operate / operator / operation,操作者；操作;運作,operate (v.) → operator (n.) 操作者 → operation (n.) 操作;運作 例： The operator conducts the operation to control the aircraft.,OneDrive_1_2026-4-28\ch5_Unmanned_Aerial_Vehicle.pptx,83
fly / flight / pilot,飛行；飛行員; 駕駛,fly (v.) → flight (n.) 飛行 → pilot (n.) 飛行員;(v.) 駕駛 例： The pilot commands the aircraft during flight.,OneDrive_1_2026-4-28\ch5_Unmanned_Aerial_Vehicle.pptx,84
arm / armed / armament,武裝；武裝的；武器系統,arm (v.) 武裝 → armed (adj.) 武裝的 → armament (n.) 武器系統 例： Armed UAVs carry armament for combat missions.,OneDrive_1_2026-4-28\ch5_Unmanned_Aerial_Vehicle.pptx,85
apply / applicable / application,應用；可適用的；應用;申請,apply (v.) 應用 → applicable (adj.) 可適用的 → application (n.) 應用;申請 例： This technology has many applications in applicable fields.,OneDrive_1_2026-4-28\ch5_Unmanned_Aerial_Vehicle.pptx,86
automate / autonomy / autonomous,自動化；自主性；自主的,automate (v.) 自動化 → autonomy (n.) 自主性 → autonomous (adj.) 自主的 例： Autonomous systems increase operational autonomy.,OneDrive_1_2026-4-28\ch5_Unmanned_Aerial_Vehicle.pptx,87
deploy / deployable / deployment,部署；可部署的；部署,deploy (v.) 部署 → deployable (adj.) 可部署的 → deployment (n.) 部署 例： Deployable systems are ready for rapid deployment.,OneDrive_1_2026-4-28\ch5_Unmanned_Aerial_Vehicle.pptx,88
conduct / conductor / conduction,執行;傳導；導體;指揮者；導電,conduct (v.) 執行;傳導 → conductor (n.) 導體;指揮者 → conduction (n.) 導電 例： Ground crews conduct the mission via conduction of signals.,OneDrive_1_2026-4-28\ch5_Unmanned_Aerial_Vehicle.pptx,89
survey / surveillance,調查;測量；監視;偵察,survey (v./n.) 調查;測量 → surveillance (n.) 監視;偵察 例： Aerial surveys provide surveillance data.,OneDrive_1_2026-4-28\ch5_Unmanned_Aerial_Vehicle.pptx,90
gyroscope,陀螺儀；迴轉儀,(n.) 陀螺儀；迴轉儀。 補充：利用角動量原理來偵測或維持方向的裝置；課文編號 1。 例： Accelerometers and gyroscopes are devices widely used in contemporary portable electronic devices.,OneDrive_1_2026-4-28\ch6_Accelerometer_&_Gyroscope_with_replaced_images.pptx,3
accelerometer,加速規；加速度計,(n.) 加速規；加速度計。 補充：accelerate (v.)、acceleration (n.)；課文編號 2。 例： An accelerometer is a device that measures the acceleration of an object.,OneDrive_1_2026-4-28\ch6_Accelerometer_&_Gyroscope_with_replaced_images.pptx,4
measure,測量 ；措施、方法,(v. / n.) 測量 (v.)；措施、方法 (n.)。 補充：measurement (n.) 測量值；本段出現的 measures 為第三人稱單數動詞。 例： An accelerometer is a device that measures the acceleration of an object.,OneDrive_1_2026-4-28\ch6_Accelerometer_&_Gyroscope_with_replaced_images.pptx,6
acceleration,加速度,(n.) 加速度。 補充：物體速度改變的快慢；單位 m/s²。 例： Acceleration is quantified in the unit meters per second per second (m/s²).,OneDrive_1_2026-4-28\ch6_Accelerometer_&_Gyroscope_with_replaced_images.pptx,7
quantified,被量化；以數值表示,"(v., p.p.) 被量化；以數值表示。 補充：quantify (v.) 量化；quantity (n.) 數量。 例： Acceleration is quantified in the unit meters per second per second (m/s²).",OneDrive_1_2026-4-28\ch6_Accelerometer_&_Gyroscope_with_replaced_images.pptx,8
g-force,力；重力加速度,(n.) G 力；重力加速度。 補充：1 g ≈ 9.8 m/s²，常作為加速度的通俗單位。 例： Acceleration is popularly measured in terms of g-force (g).,OneDrive_1_2026-4-28\ch6_Accelerometer_&_Gyroscope_with_replaced_images.pptx,9
sensitive,敏感的；靈敏的,(adj.) 敏感的；靈敏的。 補充：sensitivity (n.) 靈敏度；sense (v./n.) 感知。 例： Highly sensitive accelerometers are components of inertial navigation systems.,OneDrive_1_2026-4-28\ch6_Accelerometer_&_Gyroscope_with_replaced_images.pptx,10
inertial,慣性的,(adj.) 慣性的。 補充：inertia (n.) 慣性；inertial navigation system (INS) = 慣性導航系統；課文編號 3。 例： Accelerometers are components of inertial navigation systems for aircraft and missiles.,OneDrive_1_2026-4-28\ch6_Accelerometer_&_Gyroscope_with_replaced_images.pptx,12
magnitude,大小；強度；量值,(n.) 大小；強度；量值。 補充：magnitude 相對於 direction — 物理量的「大小」與「方向」。 例： Accelerometers detect magnitude and direction of acceleration.,OneDrive_1_2026-4-28\ch6_Accelerometer_&_Gyroscope_with_replaced_images.pptx,15
sense,感知；感應 ；感覺、知覺,"(v. / n.) 感知；感應 (v.)；感覺、知覺 (n.)。 補充：sensor (n.) 感測器；sensitive (adj.) 敏感的。 例： Accelerometers can sense orientation, coordinate acceleration, vibration and shock.",OneDrive_1_2026-4-28\ch6_Accelerometer_&_Gyroscope_with_replaced_images.pptx,16
orientation,方位；方向；定位,(n.) 方位；方向；定位。 補充：orient (v.) 使朝向；課文編號 5。 例： The screen adjusts based on the orientation of the device.,OneDrive_1_2026-4-28\ch6_Accelerometer_&_Gyroscope_with_replaced_images.pptx,17
coordinate,座標；座標值,(n.) 座標；座標值。 補充：coordinate system = 座標系統；課文編號 6。 例： Accelerometers sense coordinate acceleration in 3D space.,OneDrive_1_2026-4-28\ch6_Accelerometer_&_Gyroscope_with_replaced_images.pptx,18
vibration,震動；振動,(n.) 震動；振動。 補充：vibrate (v.) 震動；手機的震動模式即利用此原理。 例： Electronic devices use accelerometers to detect vibration and shock.,OneDrive_1_2026-4-28\ch6_Accelerometer_&_Gyroscope_with_replaced_images.pptx,19
shock,衝擊；撞擊,(n.) 衝擊；撞擊。 補充：本課指物理性的突然撞擊，不是「電擊」或「驚嚇」。 例： A free-fall sensor detects shock when the device is falling.,OneDrive_1_2026-4-28\ch6_Accelerometer_&_Gyroscope_with_replaced_images.pptx,20
align,使對齊；使校直；使一致,(v.) 使對齊；使校直；使一致。 補充：alignment (n.) 對齊；本課指螢幕方向的對齊。 例： Electronic devices use accelerometers to align the screen depending on the direction the device is held.,OneDrive_1_2026-4-28\ch6_Accelerometer_&_Gyroscope_with_replaced_images.pptx,21
portrait,肖像畫,(n.) 肖像畫 (n.)；portrait mode = 直式模式。 補充：肖像畫多為直式構圖，故以其命名直式螢幕模式；課文編號 7。 例： The screen switches between portrait and landscape modes.,OneDrive_1_2026-4-28\ch6_Accelerometer_&_Gyroscope_with_replaced_images.pptx,22
landscape,山水畫、風景畫；風景,(n.) 山水畫、風景畫；風景 (n.)；landscape mode = 橫式模式。 補充：風景畫多為橫式構圖；課文編號 8。 例： The screen switches between portrait and landscape modes.,OneDrive_1_2026-4-28\ch6_Accelerometer_&_Gyroscope_with_replaced_images.pptx,23
micromachined,精密加工的；以微機械製程製作的,(adj.) 精密加工的；以微機械製程製作的。 補充：micro + machine，常用於 MEMS 感測器；課文編號 9。 例： Micromachined accelerometers are increasingly present in video game controllers.,OneDrive_1_2026-4-28\ch6_Accelerometer_&_Gyroscope_with_replaced_images.pptx,24
free-fall,自由落體的,(n. / adj.) 自由落體（的）。 補充：指物體僅受重力作用而下落的狀態；free-fall sensor = 自由落體感測器。 例： A free-fall sensor is an accelerometer used to detect if a system has been dropped and is falling.,OneDrive_1_2026-4-28\ch6_Accelerometer_&_Gyroscope_with_replaced_images.pptx,26
safety measures,安全措施,"(n., pl.) 安全措施。 補充：此處的 measures 意為「措施」而非「測量」。 例： It provides safety measures such as parking the head of a hard disk to prevent a head crash.",OneDrive_1_2026-4-28\ch6_Accelerometer_&_Gyroscope_with_replaced_images.pptx,27
hard disk,硬碟,(n.) 硬碟。 補充：電腦中以磁性媒介儲存資料的主要裝置；跌落時讀寫頭易損壞。 例： The accelerometer parks the head of a hard disk to prevent a head crash upon impact.,OneDrive_1_2026-4-28\ch6_Accelerometer_&_Gyroscope_with_replaced_images.pptx,28
upon,在…之上；一…就,(prep.) 在…之上；一…就。 補充：upon impact = 一受到衝擊；upon = on 的較正式用法。 例： The device parks the hard disk head upon impact.,OneDrive_1_2026-4-28\ch6_Accelerometer_&_Gyroscope_with_replaced_images.pptx,29
impact,衝擊；碰撞,(n.) 衝擊；碰撞。 補充：impact = shock 的同義語；課文編號 10。 例： The accelerometer parks the hard disk head upon impact.,OneDrive_1_2026-4-28\ch6_Accelerometer_&_Gyroscope_with_replaced_images.pptx,30
data logger,數據紀錄儀,(n.) 數據紀錄儀。 補充：Terminology a；用來記錄感測數據（溫度、加速度等）的裝置。 例： Data loggers monitor handling operations for shipping containers.,OneDrive_1_2026-4-28\ch6_Accelerometer_&_Gyroscope_with_replaced_images.pptx,31
monitor,監控、監測 ；監視器,(v. / n.) 監控、監測 (v.)；監視器 (n.)。 補充：本課用作動詞，指持續觀察與追蹤。 例： Data loggers monitor handling operations for shipping containers.,OneDrive_1_2026-4-28\ch6_Accelerometer_&_Gyroscope_with_replaced_images.pptx,32
handling,搬運；操作；處理,(n.) 搬運；操作；處理。 補充：handle (v.) 處理、搬運；handling operations = 搬運作業。 例： The sensor is used to monitor handling operations for shipping.,OneDrive_1_2026-4-28\ch6_Accelerometer_&_Gyroscope_with_replaced_images.pptx,33
calculate,計算,(v.) 計算。 補充：calculation (n.) 計算；本課指計算跌落高度。 例： The length of time in free fall is used to calculate the height of drop.,OneDrive_1_2026-4-28\ch6_Accelerometer_&_Gyroscope_with_replaced_images.pptx,34
estimate,估計；估算；預估,(v. / n.) 估計；估算；預估。 補充：estimated (adj.) 預估的；estimation (n.)；p. 73 Families of Vocabulary。 例： Accelerometers are used to estimate the shock to the package.,OneDrive_1_2026-4-28\ch6_Accelerometer_&_Gyroscope_with_replaced_images.pptx,35
mechanical,機械的；機械式的,(adj.) 機械的；機械式的。 補充：mechanic (n.) 技工；mechanism (n.) 機制。 例： A gyroscope is a mechanical device comprised of a rotor and gimbals.,OneDrive_1_2026-4-28\ch6_Accelerometer_&_Gyroscope_with_replaced_images.pptx,38
comprised of,由……組成,(phr.) 由……組成。 補充：be comprised of = consist of = be made up of。 例： A gyroscope is comprised of a rotor and two or more gimbals.,OneDrive_1_2026-4-28\ch6_Accelerometer_&_Gyroscope_with_replaced_images.pptx,39
rotor,轉子；旋轉的構件,(n.) 轉子；旋轉的構件。 補充：陀螺儀內部高速旋轉的核心部件；課文編號 11。 例： The rotor is installed to spin about one axis.,OneDrive_1_2026-4-28\ch6_Accelerometer_&_Gyroscope_with_replaced_images.pptx,40
gimbal,平衡環；萬向節；使羅盤針平衡之環,(n.) 平衡環；萬向節；使羅盤針平衡之環。 補充：允許物體在多個軸上自由旋轉的機械結構；課文編號 12。 例： A gyroscope is comprised of a rotor and two or more gimbals.,OneDrive_1_2026-4-28\ch6_Accelerometer_&_Gyroscope_with_replaced_images.pptx,41
mounted,被安裝；被固定於,"(v., p.p.) 被安裝；被固定於。 補充：mount (v.) 安裝、架設；be mounted on = 被裝設在……上。 例： The axis is mounted on an inner gimbal.",OneDrive_1_2026-4-28\ch6_Accelerometer_&_Gyroscope_with_replaced_images.pptx,42
inner,內部的；裡面的,(adj.) 內部的；裡面的。 補充：inner gimbal = 內平衡環；反義 outer。 例： The inner gimbal is spinning about another axis.,OneDrive_1_2026-4-28\ch6_Accelerometer_&_Gyroscope_with_replaced_images.pptx,43
spinning,旋轉中的；自轉的,"(v., -ing) 旋轉中的；自轉的。 補充：spin (v.) 的現在分詞；過去式 spun。 例： The inner gimbal is spinning about another axis.",OneDrive_1_2026-4-28\ch6_Accelerometer_&_Gyroscope_with_replaced_images.pptx,44
outer,外部的；外面的,(adj.) 外部的；外面的。 補充：outer gimbal = 外平衡環；反義 inner。 例： The outer gimbal or the gyroscope frame is mounted so as to pivot about an axis.,OneDrive_1_2026-4-28\ch6_Accelerometer_&_Gyroscope_with_replaced_images.pptx,45
frame,框架；骨架；外殼結構,(n.) 框架；骨架；外殼結構。 補充：gyroscope frame = 陀螺儀的外部支撐結構。 例： The outer gimbal or the gyroscope frame is mounted so as to pivot.,OneDrive_1_2026-4-28\ch6_Accelerometer_&_Gyroscope_with_replaced_images.pptx,46
pivot,繞樞軸旋轉 ；樞軸、支點,(v. / n.) 繞樞軸旋轉 (v.)；樞軸、支點 (n.)。 補充：to pivot about an axis = 繞某一軸旋轉。 例： The gyroscope frame is mounted so as to pivot about an axis.,OneDrive_1_2026-4-28\ch6_Accelerometer_&_Gyroscope_with_replaced_images.pptx,47
support,支撐結構 ；支撐、支持,(n. / v.) 支撐結構 (n.)；支撐、支持 (v.)。 補充：本課指物理上的支撐結構。 例： The axis is in its own plane determined by the support.,OneDrive_1_2026-4-28\ch6_Accelerometer_&_Gyroscope_with_replaced_images.pptx,48
simultaneously,同時地,(adv.) 同時地。 補充：simultaneous (adj.) 同時的；simul- 字根「同時」。 例： The rotor simultaneously spins about one axis and is capable of oscillating about the two other axes.,OneDrive_1_2026-4-28\ch6_Accelerometer_&_Gyroscope_with_replaced_images.pptx,49
oscillating,擺動的；振盪的,"(v., -ing) 擺動的；振盪的。 補充：oscillate (v.) 擺動、振盪；oscillation (n.) 振盪。 例： The rotor is capable of oscillating about the two other axes.",OneDrive_1_2026-4-28\ch6_Accelerometer_&_Gyroscope_with_replaced_images.pptx,50
advent,出現；來臨；問世,(n.) 出現；來臨；問世。 補充：the advent of X = X 的出現；常搭配 with。 例： The advent of electric motors made it possible for developing gyrocompasses.,OneDrive_1_2026-4-28\ch6_Accelerometer_&_Gyroscope_with_replaced_images.pptx,52
functional,功能的；可運作的；實用的,(adj.) 功能的；可運作的；實用的。 補充：function (n.) 功能；functionality (n.) 功能性。 例： The first functional gyrocompass was patented in 1904.,OneDrive_1_2026-4-28\ch6_Accelerometer_&_Gyroscope_with_replaced_images.pptx,53
gyrocompass,陀螺儀羅盤,(n.) 陀螺儀羅盤。 補充：利用陀螺儀原理指北，不受磁場影響；課文編號 13。 例： Electric motors made it possible for developing gyrocompasses.,OneDrive_1_2026-4-28\ch6_Accelerometer_&_Gyroscope_with_replaced_images.pptx,54
patent,專利、專利權 ；取得專利權 ；有專利的,(n. / v. / adj.) 專利、專利權 (n.)；取得專利權 (v.)；有專利的 (adj.)。 補充：patent pending = 專利審查中；課文編號 14。 例： The first functional gyrocompass was patented in 1904.,OneDrive_1_2026-4-28\ch6_Accelerometer_&_Gyroscope_with_replaced_images.pptx,55
basis,基礎；基準 複數,(n.) 基礎；基準 (複數 bases)。 補充：on the basis of = 根據；as the basis for = 作為…的基礎。 例： Inventors used gyroscopes as the basis for early navigational systems.,OneDrive_1_2026-4-28\ch6_Accelerometer_&_Gyroscope_with_replaced_images.pptx,57
navigational systems,導航系統,"(n., pl.) 導航系統。 補充：navigate (v.) 導航；navigational (adj.) 導航的。 例： Inventors used gyroscopes as the basis for early navigational systems.",OneDrive_1_2026-4-28\ch6_Accelerometer_&_Gyroscope_with_replaced_images.pptx,58
principles,原理；原則,"(n., pl.) 原理；原則。 補充：principle 勿與 principal (校長；主要的) 混淆。 例： Similar principles were later employed in the development of inertial guidance systems.",OneDrive_1_2026-4-28\ch6_Accelerometer_&_Gyroscope_with_replaced_images.pptx,59
guidance,制導；導引；指引,(n.) 制導；導引；指引。 補充：guide (v.) 引導；inertial guidance = 慣性制導。 例： Similar principles were employed in the development of inertial guidance systems.,OneDrive_1_2026-4-28\ch6_Accelerometer_&_Gyroscope_with_replaced_images.pptx,60
ballistic missiles,彈道飛彈,"(n., pl.) 彈道飛彈。 補充：ballistic (adj.) 彈道的；missile (n.) 飛彈。 例： Similar principles were employed in the development of inertial guidance systems for ballistic missiles.",OneDrive_1_2026-4-28\ch6_Accelerometer_&_Gyroscope_with_replaced_images.pptx,62
prime,主要的；首要的；最重要的,"(adj.) 主要的；首要的；最重要的。 補充：prime minister = 首相；prime component = 關鍵零件。 例： During WWII, the gyroscope became the prime component for aircraft.",OneDrive_1_2026-4-28\ch6_Accelerometer_&_Gyroscope_with_replaced_images.pptx,63
miniaturize,使小型化,"(v.) 使小型化。 補充：miniaturization (n.)、miniature (adj./n.)；課文編號 16。 例： After the war, the race to miniaturize gyroscopes resulted in midget gyroscopes.",OneDrive_1_2026-4-28\ch6_Accelerometer_&_Gyroscope_with_replaced_images.pptx,64
manufacturing,製造；製造業,(n. / adj.) 製造；製造業。 補充：manufacture (v./n.) 製造；manufacturer (n.) 製造商。 例： The race to miniaturize resulted in the development and manufacturing of midget gyroscopes.,OneDrive_1_2026-4-28\ch6_Accelerometer_&_Gyroscope_with_replaced_images.pptx,66
midget,極小的個體 ；極小的,(n. / adj.) 極小的個體 (n.)；極小的 (adj.)。 補充：本課指超小型的陀螺儀；課文編號 17。 例： The race to miniaturize resulted in the development of midget gyroscopes.,OneDrive_1_2026-4-28\ch6_Accelerometer_&_Gyroscope_with_replaced_images.pptx,67
resulted in,導致；造成 某結果,"(phr., v.) 導致；造成 (某結果)。 補充：A resulted in B = A 造成 B；注意語序與 result from 相反。 例： The race to miniaturize gyroscopes resulted in the development of midget gyroscopes.",OneDrive_1_2026-4-28\ch6_Accelerometer_&_Gyroscope_with_replaced_images.pptx,68
compass,羅盤；指南針,"(n.) 羅盤；指南針。 補充：compasses (複數)；課文編號 18。 例： In addition to being used in compasses, gyroscopes have been introduced into consumer electronics.",OneDrive_1_2026-4-28\ch6_Accelerometer_&_Gyroscope_with_replaced_images.pptx,70
rotation,旋轉；自轉,(n.) 旋轉；自轉。 補充：rotate (v.)；rotational (adj.)；p. 73 Families of Vocabulary。 例： The gyroscope allows for the calculation of orientation and rotation.,OneDrive_1_2026-4-28\ch6_Accelerometer_&_Gyroscope_with_replaced_images.pptx,71
incorporated,被併入；被納入,"(v., p.p.) 被併入；被納入。 補充：incorporate (v.) 併入；incorporation (n.) 合併。 例： Designers have incorporated gyroscopes into modern technology.",OneDrive_1_2026-4-28\ch6_Accelerometer_&_Gyroscope_with_replaced_images.pptx,72
integration,整合；整併；結合,(n.) 整合；整併；結合。 補充：integrate (v.) 整合；integrated (adj.) 整合的。 例： The integration of the gyroscope allows for more accurate recognition of movement.,OneDrive_1_2026-4-28\ch6_Accelerometer_&_Gyroscope_with_replaced_images.pptx,73
accurate,精確的；準確的,(adj.) 精確的；準確的。 補充：accuracy (n.) 精確度；反義 inaccurate。 例： The gyroscope allows for more accurate recognition of movement within 3D space.,OneDrive_1_2026-4-28\ch6_Accelerometer_&_Gyroscope_with_replaced_images.pptx,74
recognition,辨識；識別,(n.) 辨識；識別。 補充：recognize (v.) 辨識；motion recognition = 動作辨識。 例： The integration allows for more accurate recognition of movement within 3D space.,OneDrive_1_2026-4-28\ch6_Accelerometer_&_Gyroscope_with_replaced_images.pptx,75
previous,先前的；以前的,(adj.) 先前的；以前的。 補充：previously (adv.) 先前地；prev- 字根「在…之前」。 例： More accurate recognition than the previous lone accelerometer.,OneDrive_1_2026-4-28\ch6_Accelerometer_&_Gyroscope_with_replaced_images.pptx,76
lone,單獨的；單一的,(adj.) 單獨的；單一的。 補充：lone = alone/single；課文編號 19。 例： Better than the previous lone accelerometer.,OneDrive_1_2026-4-28\ch6_Accelerometer_&_Gyroscope_with_replaced_images.pptx,77
frequently,經常地；頻繁地,(adv.) 經常地；頻繁地。 補充：frequency (n.) 頻率；frequent (adj.) 頻繁的。 例： Gyroscopes are frequently combined with accelerometers.,OneDrive_1_2026-4-28\ch6_Accelerometer_&_Gyroscope_with_replaced_images.pptx,78
combined,被結合；被合併,"(v., p.p.) 被結合；被合併。 補充：combine (v.) 結合；combination (n.) 組合。 例： Gyroscopes are frequently combined with accelerometers for more robust sensing.",OneDrive_1_2026-4-28\ch6_Accelerometer_&_Gyroscope_with_replaced_images.pptx,79
robust,強健的；穩健的；可靠的,(adj.) 強健的；穩健的；可靠的。 補充：robustness (n.) 強健性；課文編號 20。 例： Gyroscopes combined with accelerometers provide more robust direction- and motion-sensing.,OneDrive_1_2026-4-28\ch6_Accelerometer_&_Gyroscope_with_replaced_images.pptx,80
direction- and motion-sensing,方向與運動位移感應,(n. / adj.) 方向與運動（位移）感應。 補充：Terminology b；direction-sensing + motion-sensing 的複合詞。 例： More robust direction- and motion-sensing requires combining both sensors.,OneDrive_1_2026-4-28\ch6_Accelerometer_&_Gyroscope_with_replaced_images.pptx,81
signify,象徵；預示；表示,(v.) [ˈsɪɡnə.faɪ] 象徵；預示；表示。 補充：常用於描述某事物代表更深層的意義。 例： A red light signifies danger.,OneDrive_1_2026-4-28\ch7_Knowledge_Management_with_replaced_images.pptx,3
strategically,策略性地；有戰略地,(adv.) [strəˈtɪdʒɪkḷɪ] 策略性地；有戰略地。 補充：describes actions taken with a long-term plan in mind. 例： The company is strategically positioned in Asia.,OneDrive_1_2026-4-28\ch7_Knowledge_Management_with_replaced_images.pptx,4
competence,資格；能力；勝任,(n.) [ˈkɑmpətəns] 資格；能力；勝任。 補充：also: 財產、權限（法律語境）。 例： Technical competence is essential for engineers.,OneDrive_1_2026-4-28\ch7_Knowledge_Management_with_replaced_images.pptx,5
asset,資產；有價值的事物或人,(n.) [ˈæsɛt] 資產；有價值的事物或人。 補充：knowledge can be the most important asset of a firm. 例： Employees are our greatest asset.,OneDrive_1_2026-4-28\ch7_Knowledge_Management_with_replaced_images.pptx,6
expertise,專業技術；專門知識,(n.) [ɛkspɚˈtiz] 專業技術；專門知識。 補充：often built up through years of practice. 例： She has expertise in data analysis.,OneDrive_1_2026-4-28\ch7_Knowledge_Management_with_replaced_images.pptx,7
revalidate,再確認；重新驗證,(v.) [riˈvælə.det] 再確認；重新驗證。 補充：re- (再) + validate (確認)。 例： Knowledge must be revalidated regularly.,OneDrive_1_2026-4-28\ch7_Knowledge_Management_with_replaced_images.pptx,8
tacit,無言的；緘默的；默示的,(adj.) [ˈtæsɪt] 無言的；緘默的；默示的。 補充：hard to articulate; lives in people's heads. 例： Experience produces tacit knowledge.,OneDrive_1_2026-4-28\ch7_Knowledge_Management_with_replaced_images.pptx,9
explicit,明確的；清楚表達的,(adj.) [ɪkˈsplɪsɪt] 明確的；清楚表達的。 補充：opposite of tacit; written down or documented. 例： The manual gives explicit instructions.,OneDrive_1_2026-4-28\ch7_Knowledge_Management_with_replaced_images.pptx,10
accessible,可取得的；易接近的,(adj.) [ækˈsɛsəbḷ] 可取得的；易接近的。 補充：access (取用) + -ible (能夠的)。 例： Knowledge should be accessible to all staff.,OneDrive_1_2026-4-28\ch7_Knowledge_Management_with_replaced_images.pptx,11
infra,基礎的；基層的常作字首,(adj.) [ˈɪnfrə] 基礎的；基層的（常作字首）。 補充：infra- 字首，如 infrastructure 基礎建設。 例： IT infra-structure supports KM.,OneDrive_1_2026-4-28\ch7_Knowledge_Management_with_replaced_images.pptx,12
blanket,總括的；全面的；包裹的,(adj.) [ˈblænkɪt] 總括的；全面的；包裹的。 補充：a blanket proposal covers everything at once. 例： They rejected the blanket solution.,OneDrive_1_2026-4-28\ch7_Knowledge_Management_with_replaced_images.pptx,13
tacit knowledge,內隱知識,(n. phr.) 內隱知識。 補充：存在於人腦中、難以文件化的知識。 例： Craftsmanship is mostly tacit knowledge.,OneDrive_1_2026-4-28\ch7_Knowledge_Management_with_replaced_images.pptx,15
explicit knowledge,外顯知識,(n. phr.) 外顯知識。 補充：可以被寫下、整理、傳遞的知識。 例： Manuals store explicit knowledge.,OneDrive_1_2026-4-28\ch7_Knowledge_Management_with_replaced_images.pptx,16
share,分享、分擔；一股股票的基本單位,(v. / n.) [ʃɛr] 分享、分擔；一股（股票的基本單位）。 補充：KM emphasizes sharing knowledge across teams. 例： Employees share best practices online.,OneDrive_1_2026-4-28\ch7_Knowledge_Management_with_replaced_images.pptx,17
emergence,出現；興起,(n.) [ɪˈmɝdʒəns] 出現；興起。 補充：emerge (v.) 的名詞形式。 例： The emergence of the knowledge economy.,OneDrive_1_2026-4-28\ch7_Knowledge_Management_with_replaced_images.pptx,19
regarded,被視為；被看作,"(v., p.p.) [rɪˈɡɑrdɪd] 被視為；被看作。 補充：often used as 'regarded as …'. 例： Knowledge is regarded as a key asset.",OneDrive_1_2026-4-28\ch7_Knowledge_Management_with_replaced_images.pptx,20
business sectors,商業部門；產業別,"(n. phr.) 商業部門；產業別。 補充：e.g., manufacturing, finance, services. 例： KM spans many business sectors.",OneDrive_1_2026-4-28\ch7_Knowledge_Management_with_replaced_images.pptx,21
persistently,堅持地；持續地,"(adv.) [pɚˈsɪstəntlɪ] 堅持地；持續地。 補充：describes continuous, repeated action. 例： The team persistently gathers feedback.",OneDrive_1_2026-4-28\ch7_Knowledge_Management_with_replaced_images.pptx,23
ascertain,確定；查明,(v.) [ˌæsɚˈten] 確定；查明。 補充：formal synonym of 'find out'. 例： We must ascertain the facts.,OneDrive_1_2026-4-28\ch7_Knowledge_Management_with_replaced_images.pptx,24
utilize,利用；使用較正式,(v.) [ˈjutḷ.aɪz] 利用；使用（較正式）。 補充：more formal than 'use'. 例： Utilize existing knowledge assets.,OneDrive_1_2026-4-28\ch7_Knowledge_Management_with_replaced_images.pptx,25
intellectual,智力的；知識的,(adj.) [ˌɪntḷˈɛktʃuəl] 智力的；知識的。 補充：intellectual property = 智慧財產。 例： Intellectual assets drive innovation.,OneDrive_1_2026-4-28\ch7_Knowledge_Management_with_replaced_images.pptx,26
assemble,組合；聚集；裝配,(v.) [əˈsɛmbḷ] 組合；聚集；裝配。 補充：to bring pieces together into a whole. 例： Assemble the data before analysis.,OneDrive_1_2026-4-28\ch7_Knowledge_Management_with_replaced_images.pptx,27
formal,正式的；正規的,(adj.) [ˈfɔrmḷ] 正式的；正規的。 補充：opposite of informal. 例： Manuals are a formal way to share knowledge.,OneDrive_1_2026-4-28\ch7_Knowledge_Management_with_replaced_images.pptx,29
systematic,系統的；有系統的,"(adj.) [ˌsɪstəˈmætɪk] 系統的；有系統的。 補充：from 'system'; organized, methodical. 例： Use a systematic approach to document knowledge.",OneDrive_1_2026-4-28\ch7_Knowledge_Management_with_replaced_images.pptx,30
documented,有文件記錄的,(adj.) [ˈdɑkjəˌmɛntɪd] 有文件記錄的。 補充：documented knowledge = explicit knowledge. 例： Well-documented procedures reduce errors.,OneDrive_1_2026-4-28\ch7_Knowledge_Management_with_replaced_images.pptx,31
manuals,手冊；操作指南,"(n., pl.) [ˈmænjuəlz] 手冊；操作指南。 補充：typical carriers of explicit knowledge. 例： Read the user manuals first.",OneDrive_1_2026-4-28\ch7_Knowledge_Management_with_replaced_images.pptx,32
inadequate,不足的；不充分的,(adj.) [ɪnˈædəkwɪt] 不足的；不充分的。 補充：in- (不) + adequate (足夠的)。 例： Manuals alone are inadequate.,OneDrive_1_2026-4-28\ch7_Knowledge_Management_with_replaced_images.pptx,33
budget,預算,(n.) [ˈbʌdʒɪt] 預算。 補充：KM initiatives need their own budget. 例： Allocate a budget for training.,OneDrive_1_2026-4-28\ch7_Knowledge_Management_with_replaced_images.pptx,35
infra-structure,基礎設施；基礎建設,(n.) [ˈɪnfrəˌstrʌktʃɚ] 基礎設施；基礎建設。 補充：IT infra-structure 支撐 KM 運作。 例： A strong IT infra-structure is needed.,OneDrive_1_2026-4-28\ch7_Knowledge_Management_with_replaced_images.pptx,36
proposals,提案；建議書,"(n., pl.) [prəˈpozḷz] 提案；建議書。 補充：propose (v.) + -al (n.)。 例： Submit KM proposals to management.",OneDrive_1_2026-4-28\ch7_Knowledge_Management_with_replaced_images.pptx,37
priorities,優先事項；優先順序,"(n., pl.) [praɪˈɔrətɪz] 優先事項；優先順序。 補充：singular form: priority. 例： Set clear priorities for the project.",OneDrive_1_2026-4-28\ch7_Knowledge_Management_with_replaced_images.pptx,38
know-how,技術知識；實務竅門,(n.) [ˈnoˌhaʊ] 技術知識；實務竅門。 補充：often used to describe tacit skills. 例： Engineers build up know-how on the job.,OneDrive_1_2026-4-28\ch7_Knowledge_Management_with_replaced_images.pptx,40
impractical,不切實際的；行不通的,(adj.) [ɪmˈpræktɪkḷ] 不切實際的；行不通的。 補充：im- (不) + practical (實用的)。 例： Sharing all tacit knowledge is impractical.,OneDrive_1_2026-4-28\ch7_Knowledge_Management_with_replaced_images.pptx,41
competitive advantage,競爭優勢,(n. phr.) 競爭優勢。 補充：core concept in business strategy. 例： KM can be a source of competitive advantage.,OneDrive_1_2026-4-28\ch7_Knowledge_Management_with_replaced_images.pptx,42
linchpin,關鍵；樞紐人物/要素,(n.) [ˈlɪntʃˌpɪn] 關鍵；樞紐人物/要素。 補充：出自參考文獻 Webb 1998。 例： Trust is the linchpin of KM.,OneDrive_1_2026-4-28\ch7_Knowledge_Management_with_replaced_images.pptx,43
implementation plan,實施計畫；執行計畫,(n. phr.) 實施計畫；執行計畫。 補充：translates strategy into concrete steps. 例： Draft an implementation plan for KM.,OneDrive_1_2026-4-28\ch7_Knowledge_Management_with_replaced_images.pptx,44
short-term needs,短期需求,(n. phr.) 短期需求。 補充：often contrasted with long-term needs. 例： Address short-term needs first.,OneDrive_1_2026-4-28\ch7_Knowledge_Management_with_replaced_images.pptx,45
traditional economy,傳統經濟,"(n. phr.) 傳統經濟。 補充：based mainly on land, labor, and capital. 例： The traditional economy valued physical assets.",OneDrive_1_2026-4-28\ch7_Knowledge_Management_with_replaced_images.pptx,46
knowledge economy,知識經濟,(n. phr.) 知識經濟。 補充：value comes from knowledge and information. 例： We live in a knowledge economy.,OneDrive_1_2026-4-28\ch7_Knowledge_Management_with_replaced_images.pptx,47
point of responsibility,權責單位；負責單位/對象,(n. phr.) 權責單位；負責單位/對象。 補充：the role or team accountable for KM. 例： Every KM initiative needs a point of responsibility.,OneDrive_1_2026-4-28\ch7_Knowledge_Management_with_replaced_images.pptx,48
